Ticker,Date,Open,High,Low,Close,Volume
MWG,2014-07-14,13.3006,13.3827,13.3006,13.3827,10660
MWG,2014-07-15,14.2858,14.2858,14.2858,14.2858,13480
MWG,2014-07-16,15.270999999999999,15.2711,15.270999999999999,15.2711,17290
MWG,2014-07-17,16.3384,16.3384,16.3384,16.3384,95120
MWG,2014-07-18,17.4057,17.4057,17.4057,17.4057,134460
MWG,2014-07-21,18.5551,18.5551,16.5847,17.4057,311030
MWG,2014-07-22,17.0773,17.8983,17.0773,17.8983,568890
MWG,2014-07-23,18.0625,18.0625,17.7341,17.8983,23330
MWG,2014-07-24,17.7341,17.8983,17.7341,17.7341,33590
MWG,2014-07-25,17.7341,17.8983,17.7341,17.7341,79630
MWG,2014-07-28,17.7341,17.8983,17.7341,17.7341,93810
MWG,2014-07-29,17.7341,17.7341,17.2415,17.4057,25300
MWG,2014-07-30,17.5699,17.5699,17.2415,17.4057,16160
MWG,2014-07-31,17.2415,17.2415,16.5847,16.9131,37400
MWG,2014-08-01,17.2415,17.2415,16.7489,16.9131,28290
MWG,2014-08-04,16.9131,16.9131,16.9131,16.9131,13350
MWG,2014-08-05,17.0773,17.2415,17.0773,17.0773,21340
MWG,2014-08-06,17.0773,17.5699,17.0773,17.5699,20800
MWG,2014-08-07,17.5699,17.5699,17.4057,17.5699,17250
MWG,2014-08-08,17.4057,17.5699,17.4057,17.5699,9190
MWG,2014-08-11,18.7193,18.7194,18.2267,18.7194,179250
MWG,2014-08-12,18.8836,19.3762,18.8836,19.3762,64140
MWG,2014-08-13,19.5404,20.5256,19.212,20.3614,147010
MWG,2014-08-14,20.3614,21.675,20.3614,21.675,149800
MWG,2014-08-15,22.9886,23.1529,22.3318,23.1529,100130
MWG,2014-08-18,23.9739,24.4665,23.6455,24.4665,29910
MWG,2014-08-19,23.8097,24.3023,22.8245,22.8245,39150
MWG,2014-08-20,21.5109,22.9887,21.5109,22.8245,46550
MWG,2014-08-21,22.4961,22.8245,22.1677,22.1677,58570
MWG,2014-08-22,22.1677,23.1529,22.1677,23.1529,45860
MWG,2014-08-25,23.8097,23.9739,23.1529,23.6455,61190
MWG,2014-08-26,23.6455,23.6455,22.0035,22.0035,29880
MWG,2014-08-27,22.6603,22.9887,22.1677,22.4961,11450
MWG,2014-08-28,22.4961,22.4961,22.1677,22.4961,5070
MWG,2014-08-29,22.4961,22.4961,21.3467,22.1677,15750
MWG,2014-09-03,22.3319,22.3319,21.8393,22.1677,25120
MWG,2014-09-04,22.0035,22.0035,21.3467,21.675,37750
MWG,2014-09-05,21.8392,22.3319,21.8392,22.3319,44760
MWG,2014-09-08,22.6603,23.8097,22.3319,23.8097,171700
MWG,2014-09-09,25.4517,25.4517,24.1381,24.4665,88810
MWG,2014-09-10,25.1233,25.1233,23.9739,24.9591,23640
MWG,2014-09-11,24.7949,25.2875,24.6307,24.9591,25860
MWG,2014-09-12,24.9591,25.1233,24.4665,24.7949,44670
MWG,2014-09-15,24.7949,25.1233,24.7949,24.9591,14500
MWG,2014-09-16,24.7949,24.9591,24.6307,24.9591,65900
MWG,2014-09-17,25.2875,25.2875,24.6307,24.9591,6430
MWG,2014-09-18,24.6307,25.2876,24.6307,25.2876,13030
MWG,2014-09-19,25.7802,26.9297,25.7802,26.9296,20120
MWG,2014-09-22,28.7359,28.7359,27.5864,28.7359,28590
MWG,2014-09-23,29.5569,30.0495,28.5716,28.5716,13620
MWG,2014-09-24,29.2284,29.2284,28.4074,28.4074,5790
MWG,2014-09-25,27.9148,27.9148,26.4369,26.436999999999998,30100
MWG,2014-09-26,27.9148,27.9148,26.7654,27.4222,26080
MWG,2014-09-29,27.9148,27.9148,27.5864,27.5864,11420
MWG,2014-09-30,27.0938,27.7506,27.0938,27.7506,12510
MWG,2014-10-01,27.7506,28.2432,27.7506,27.9148,24590
MWG,2014-10-02,27.7506,28.4074,27.7506,28.2432,51070
MWG,2014-10-03,28.7358,29.0642,28.5716,28.7359,22400
MWG,2014-10-06,28.9001,28.9001,28.5717,28.7359,19250
MWG,2014-10-07,28.5717,28.9001,28.5717,28.7359,37960
MWG,2014-10-08,30.7186,30.7186,30.1601,30.7063,138900
MWG,2014-10-09,32.3812,32.6604,32.3812,32.6604,271340
MWG,2014-10-10,32.3813,32.9395,32.1021,32.6604,63600
MWG,2014-10-13,32.1021,32.1021,30.9855,31.2646,17150
MWG,2014-10-14,31.5437,31.5437,30.9855,31.2646,34880
MWG,2014-10-15,31.2646,31.5438,30.9855,31.5438,94190
MWG,2014-10-16,31.2647,31.5438,29.5898,29.8689,37680
MWG,2014-10-17,30.7063,30.7063,29.5898,30.4272,59410
MWG,2014-10-20,30.9855,30.9855,30.148000000000003,30.148000000000003,7760
MWG,2014-10-21,30.148000000000003,30.4271,29.5897,30.148000000000003,14260
MWG,2014-10-22,30.4271,30.4271,29.8689,29.8689,15150
MWG,2014-10-23,29.8689,29.8689,29.0315,29.3106,21100
MWG,2014-10-24,29.3106,30.148000000000003,29.3106,30.148000000000003,17040
MWG,2014-10-27,30.7063,31.5437,30.4271,30.4272,26890
MWG,2014-10-28,30.1481,30.4272,29.5897,29.5897,28140
MWG,2014-10-29,29.8688,29.8688,29.3106,29.3106,21320
MWG,2014-10-30,29.3106,29.8689,29.3106,29.8689,65350
MWG,2014-10-31,29.8689,29.8689,29.3106,29.5897,26930
MWG,2014-11-03,29.3106,29.3106,28.194000000000003,28.7523,51330
MWG,2014-11-04,27.9149,29.0314,27.9149,28.7523,84960
MWG,2014-11-05,28.7523,28.7523,27.9148,27.9148,33320
MWG,2014-11-06,27.6357,28.7522,26.7982,27.0774,176730
MWG,2014-11-07,27.0774,28.7523,27.0774,28.7523,161420
MWG,2014-11-10,28.7523,28.7523,28.194000000000003,28.4731,67980
MWG,2014-11-11,28.194000000000003,28.4731,27.9148,28.4731,78920
MWG,2014-11-12,28.194000000000003,28.4731,28.194000000000003,28.194000000000003,64490
MWG,2014-11-13,28.194000000000003,28.4731,28.194000000000003,28.194000000000003,48060
MWG,2014-11-14,28.194000000000003,28.7523,28.194000000000003,28.4731,95160
MWG,2014-11-17,28.194000000000003,28.194000000000003,27.7752,28.194000000000003,18180
MWG,2014-11-18,27.9149,27.9149,27.6357,27.6357,21310
MWG,2014-11-19,27.6357,27.6357,27.217,27.3565,15200
MWG,2014-11-20,27.6356,27.6356,26.9378,27.3565,25260
MWG,2014-11-21,27.6356,27.6356,26.9378,27.3565,14000
MWG,2014-11-24,26.9378,27.0774,26.5191,26.5191,57490
MWG,2014-11-25,26.5191,26.7982,25.9608,25.9608,48550
MWG,2014-11-26,26.2399,26.2399,25.5421,25.6816,39470
MWG,2014-11-27,25.6816,25.6816,25.1233,25.4025,22250
MWG,2014-11-28,25.6816,25.6816,24.8442,24.8442,38090
MWG,2014-12-01,24.8442,24.8442,23.1693,23.7276,61960
MWG,2014-12-02,23.7276,25.2629,23.7276,25.2629,39090
MWG,2014-12-03,26.7982,26.9378,26.6586,26.9378,142170
MWG,2014-12-04,28.7523,28.7523,27.9148,27.9148,257870
MWG,2014-12-05,27.9148,27.9148,27.0774,27.7753,64980
MWG,2014-12-08,27.3566,27.9149,27.3566,27.7753,132160
MWG,2014-12-09,27.7753,27.9149,27.6357,27.6357,180930
MWG,2014-12-10,26.24,27.4961,26.24,27.4961,16940
MWG,2014-12-11,26.7982,27.7753,26.7982,27.7753,173360
MWG,2014-12-12,27.7753,28.194000000000003,27.6357,27.9148,162660
MWG,2014-12-15,27.7752,28.4731,27.7752,27.9148,155470
MWG,2014-12-16,28.1939,28.1939,27.9148,27.9148,35520
MWG,2014-12-17,27.9148,28.1939,27.9148,27.9148,61200
MWG,2014-12-18,27.6357,27.6357,27.3565,27.6357,20140
MWG,2014-12-19,27.6357,28.4731,27.6357,28.4731,105970
MWG,2014-12-22,28.4731,28.7522,28.194000000000003,28.4731,45070
MWG,2014-12-23,28.4731,29.0314,28.4731,29.0314,88810
MWG,2014-12-24,29.0314,30.9854,29.0314,30.4272,372830
MWG,2014-12-25,29.5898,29.5898,29.3106,29.3106,14960
MWG,2014-12-26,29.3106,29.8689,29.3106,29.5897,36810
MWG,2014-12-29,29.5897,29.5897,29.3106,29.5897,27440
MWG,2014-12-30,29.5897,30.148000000000003,29.3106,30.148000000000003,42760
MWG,2014-12-31,30.148000000000003,30.7063,30.148000000000003,30.4272,57150
MWG,2015-01-05,30.7063,30.7063,29.8689,30.148000000000003,18030
MWG,2015-01-06,30.148000000000003,30.148000000000003,29.5897,30.148000000000003,37970
MWG,2015-01-07,29.8689,30.148000000000003,29.5897,29.5897,10590
MWG,2015-01-08,29.8688,30.148000000000003,29.5897,29.8689,47040
MWG,2015-01-09,29.5898,30.4272,29.5898,30.4272,46170
MWG,2015-01-12,30.1481,30.9855,30.1481,30.7063,104230
MWG,2015-01-13,30.7063,32.1021,30.7063,32.1021,290500
MWG,2015-01-14,31.823,33.2187,31.823,33.2186,244240
MWG,2015-01-15,33.4977,33.7769,33.2186,33.4978,76470
MWG,2015-01-16,33.4978,33.4978,32.3812,32.3812,116950
MWG,2015-01-19,32.9395,32.9395,32.1021,32.9395,155000
MWG,2015-01-20,32.9395,33.7769,32.9395,33.4978,170300
MWG,2015-01-21,33.4978,33.7769,33.2187,33.4978,132190
MWG,2015-01-22,33.4978,33.4978,33.2186,33.2186,48110
MWG,2015-01-23,32.9395,33.4978,32.9395,33.4978,83030
MWG,2015-01-26,33.4978,33.4978,32.9395,32.9395,69470
MWG,2015-01-27,32.9395,33.4978,32.9395,33.2186,74430
MWG,2015-01-28,33.2186,34.0561,32.9395,34.0561,153520
MWG,2015-01-29,34.0561,34.8935,33.777,34.8935,189640
MWG,2015-01-30,34.8935,35.1726,34.3352,34.6144,106070
MWG,2015-02-02,34.6144,34.6144,33.4978,33.4978,63650
MWG,2015-02-03,33.2187,33.7769,33.2187,33.4978,24450
MWG,2015-02-04,33.2187,34.6144,33.2187,34.3352,95510
MWG,2015-02-05,34.3352,35.1727,34.3352,35.1727,157180
MWG,2015-02-06,35.1727,35.731,35.1727,35.4518,90910
MWG,2015-02-09,35.7309,36.2892,35.7309,36.0101,153370
MWG,2015-02-10,35.731,36.2892,35.731,35.731,117430
MWG,2015-02-11,35.731,36.2893,35.4519,36.2893,256600
MWG,2015-02-12,36.0102,36.2893,36.0102,36.2893,59110
MWG,2015-02-13,36.2893,36.2893,35.731,36.2893,15410
MWG,2015-02-24,36.8476,38.8016,36.5684,38.8016,312160
MWG,2015-02-25,39.0807,41.3139,39.0807,39.3599,121560
MWG,2015-02-26,39.3599,39.9182,39.0808,39.6391,98800
MWG,2015-02-27,39.9182,39.9182,37.4059,37.4059,90050
MWG,2015-03-02,36.2893,36.5685,34.8936,35.731,101370
MWG,2015-03-03,35.1727,36.5684,35.1727,35.731,153750
MWG,2015-03-04,36.0101,36.2893,35.4519,36.0101,108250
MWG,2015-03-05,36.0101,36.0101,34.8935,35.1727,144100
MWG,2015-03-06,34.8936,34.8936,34.0561,34.3352,71020
MWG,2015-03-09,34.3352,36.2892,33.7769,34.3352,42500
MWG,2015-03-10,33.7769,34.3352,32.6603,32.6604,58060
MWG,2015-03-11,32.6604,32.6604,30.7064,31.8229,78590
MWG,2015-03-12,31.5438,33.4978,31.5438,33.2186,33340
MWG,2015-03-13,34.6143,35.1726,33.2186,33.2186,55520
MWG,2015-03-16,33.4977,33.4977,32.6603,32.6604,18510
MWG,2015-03-17,33.2187,33.4978,32.6604,32.9395,60710
MWG,2015-03-18,32.9395,33.2186,32.6604,32.9395,860
MWG,2015-03-19,32.9395,32.9395,32.3812,32.6604,13300
MWG,2015-03-20,33.2187,33.2187,32.3813,32.6604,17360
MWG,2015-03-23,32.6604,32.6604,31.823,32.1021,21570
MWG,2015-03-24,32.6604,32.6604,31.2647,31.8229,30000
MWG,2015-03-25,32.3812,32.3812,31.2646,31.5438,11140
MWG,2015-03-26,31.5438,31.5438,30.7063,30.7063,21600
MWG,2015-03-27,30.7063,30.7063,29.8689,29.8689,32530
MWG,2015-03-30,29.8689,30.7063,29.8689,29.8689,22330
MWG,2015-03-31,30.148000000000003,30.4272,29.8689,29.8689,19830
MWG,2015-04-01,30.4272,30.4272,29.5898,30.148000000000003,16950
MWG,2015-04-02,29.8689,30.148000000000003,29.8689,29.8689,15600
MWG,2015-04-03,29.8689,30.148000000000003,29.5898,29.8689,6960
MWG,2015-04-06,29.8689,29.8689,29.3106,29.3106,5750
MWG,2015-04-07,29.3106,30.4272,29.3106,30.148000000000003,17110
MWG,2015-04-08,29.8689,30.7063,29.8689,30.148000000000003,28090
MWG,2015-04-09,30.148000000000003,30.4271,29.8689,29.8689,12240
MWG,2015-04-10,30.7063,30.7063,29.8689,29.8689,15410
MWG,2015-04-13,30.148000000000003,30.148000000000003,29.8689,30.148000000000003,18220
MWG,2015-04-14,29.5897,30.148000000000003,29.5897,30.148000000000003,7010
MWG,2015-04-15,29.8689,29.8689,29.8689,29.8689,5810
MWG,2015-04-16,30.148000000000003,30.148000000000003,29.5898,29.8689,9680
MWG,2015-04-17,29.8689,29.8689,29.5898,29.8689,8490
MWG,2015-04-20,29.8689,29.8689,29.3106,29.3106,39410
MWG,2015-04-21,29.3106,29.5897,29.3106,29.3106,8400
MWG,2015-04-22,29.3106,29.3106,29.0314,29.0314,25120
MWG,2015-04-23,29.0314,29.5897,29.0314,29.0314,20810
MWG,2015-04-24,29.5897,30.9854,29.3105,30.4272,73060
MWG,2015-04-27,31.2646,32.1021,30.4272,30.4272,60120
MWG,2015-05-04,30.7063,30.7063,29.8689,30.148000000000003,28400
MWG,2015-05-05,29.5897,29.8689,29.0314,29.8689,14490
MWG,2015-05-06,29.8689,29.8689,29.3106,29.3106,12450
MWG,2015-05-07,29.3106,29.8689,29.0315,29.5897,15350
MWG,2015-05-08,29.5897,29.8689,29.3106,29.8689,11670
MWG,2015-05-11,29.8689,30.148000000000003,29.3106,29.3106,34870
MWG,2015-05-12,29.0315,29.0315,27.3566,28.4731,80020
MWG,2015-05-13,28.6127,30.0084,27.9148,28.2547,80660
MWG,2015-05-14,28.2547,28.6035,26.3362,26.3362,87470
MWG,2015-05-15,25.4641,25.4641,24.5921,24.5921,48430
MWG,2015-05-18,24.5921,26.1618,24.5921,26.1618,88500
MWG,2015-05-19,27.2083,27.9059,27.2083,27.9059,54280
MWG,2015-05-20,29.65,29.8244,29.1268,29.4756,203290
MWG,2015-05-21,28.2547,29.3012,27.5571,28.0803,28050
MWG,2015-05-22,28.0803,28.0803,26.685,27.9059,48530
MWG,2015-05-25,27.9059,27.9059,26.8594,27.0338,40120
MWG,2015-05-26,27.3826,28.6035,27.3826,27.9059,39350
MWG,2015-05-27,27.9059,27.9059,27.3827,27.7315,13100
MWG,2015-05-28,28.0803,28.0803,27.5571,27.5571,33840
MWG,2015-05-29,27.5571,27.5571,26.5106,27.2082,44560
MWG,2015-06-01,27.2082,27.3826,26.8594,26.8594,14950
MWG,2015-06-02,26.685,26.8594,25.9873,26.5106,37200
MWG,2015-06-03,26.685,26.685,25.813000000000002,25.9874,19990
MWG,2015-06-04,25.9874,26.3362,25.9874,26.1618,12250
MWG,2015-06-05,25.9874,26.8594,25.9874,26.8594,29500
MWG,2015-06-08,27.2082,27.2082,26.685,26.685,21110
MWG,2015-06-09,27.0338,27.0338,26.1618,26.685,34680
MWG,2015-06-10,26.685,27.3826,26.1618,26.1618,26060
MWG,2015-06-11,25.9874,26.3362,25.9874,26.1618,8910
MWG,2015-06-12,26.3362,26.3362,25.9874,26.1618,25770
MWG,2015-06-15,25.9874,26.3362,25.813000000000002,25.813000000000002,34330
MWG,2015-06-16,25.813000000000002,25.9874,25.6386,25.813000000000002,16820
MWG,2015-06-17,25.6386,25.813000000000002,25.4641,25.4641,11460
MWG,2015-06-18,25.4641,25.6385,25.2897,25.4641,5590
MWG,2015-06-19,25.2897,25.6385,25.2897,25.2897,12680
MWG,2015-06-22,25.1153,25.2897,24.9409,25.1153,48910
MWG,2015-06-23,24.9409,24.9409,24.4177,24.4177,56380
MWG,2015-06-24,24.4177,25.9874,24.4177,25.9874,121970
MWG,2015-06-25,25.9874,26.3362,25.6385,25.6385,30790
MWG,2015-06-26,25.6385,26.685,25.4641,26.1618,92010
MWG,2015-06-29,25.813000000000002,25.813000000000002,25.4642,25.6385,46030
MWG,2015-06-30,25.6385,25.9873,25.6385,25.6385,48540
MWG,2015-07-01,25.6385,25.8129,25.4641,25.6385,34230
MWG,2015-07-02,25.8129,25.8129,25.6385,25.6385,32680
MWG,2015-07-03,25.6385,26.1617,25.6385,25.813000000000002,73910
MWG,2015-07-06,25.813000000000002,25.9874,25.813000000000002,25.813000000000002,94930
MWG,2015-07-07,25.9874,26.1618,25.813000000000002,25.813000000000002,92510
MWG,2015-07-08,25.813000000000002,25.9874,25.6386,25.9874,39430
MWG,2015-07-09,25.813000000000002,25.9874,25.6386,25.9874,32370
MWG,2015-07-10,25.6386,25.9874,25.6386,25.9874,25440
MWG,2015-07-13,25.9874,25.9874,25.4641,25.4641,30630
MWG,2015-07-14,25.4641,25.6385,25.4641,25.6385,35180
MWG,2015-07-15,25.6385,25.6385,25.1153,25.4641,24970
MWG,2015-07-16,25.6385,25.6385,25.4641,25.6385,9980
MWG,2015-07-17,25.6385,25.6385,25.2897,25.4641,17560
MWG,2015-07-20,25.1153,25.4641,25.1153,25.4641,23330
MWG,2015-07-21,25.1153,25.1153,24.7665,24.9409,40090
MWG,2015-07-22,24.9409,25.1153,24.7665,24.7665,40710
MWG,2015-07-23,24.7665,24.9409,24.5921,24.7665,40140
MWG,2015-07-24,25.2897,26.3362,24.9409,26.1618,227840
MWG,2015-07-27,26.1618,26.1618,25.4642,25.813000000000002,42600
MWG,2015-07-28,26.1618,26.1618,25.6385,25.6385,34250
MWG,2015-07-29,25.4641,25.6385,25.2897,25.2897,49360
MWG,2015-07-30,25.2897,25.4641,25.1153,25.2897,29900
MWG,2015-07-31,25.1153,25.4641,24.9409,24.9409,74200
MWG,2015-08-03,25.2897,25.2897,24.7665,24.9409,71520
MWG,2015-08-04,25.1153,25.1153,24.7665,24.7665,51930
MWG,2015-08-05,24.7665,25.1153,24.7665,25.1153,9750
MWG,2015-08-06,24.9409,24.9409,24.7665,24.9409,27680
MWG,2015-08-07,24.7665,24.9409,24.7665,24.7665,36940
MWG,2015-08-10,24.9409,25.2897,24.7665,25.1153,82730
MWG,2015-08-11,25.1153,25.1153,24.9409,25.1153,26040
MWG,2015-08-12,25.1153,25.1153,24.5921,24.7665,52570
MWG,2015-08-13,24.5921,24.9409,24.5921,24.7665,29990
MWG,2015-08-14,24.7665,24.9409,24.5921,24.7665,42450
MWG,2015-08-17,24.7665,24.9409,24.4177,24.5921,20860
MWG,2015-08-18,24.7665,24.7665,24.2433,24.4177,21390
MWG,2015-08-19,24.4177,24.4177,23.5456,23.8944,51420
MWG,2015-08-20,23.72,23.72,22.8479,22.848000000000003,67300
MWG,2015-08-21,22.848000000000003,22.848000000000003,21.6271,22.4991,89090
MWG,2015-08-24,21.8015,21.8015,20.9294,21.1038,145040
MWG,2015-08-25,21.1038,22.1503,20.5806,21.8015,93890
MWG,2015-08-26,21.8015,22.1503,21.8015,21.8015,43160
MWG,2015-08-27,22.4991,22.6736,21.9759,22.1503,139070
MWG,2015-08-28,22.1503,22.8479,22.1503,22.4991,112350
MWG,2015-08-31,23.1967,23.72,22.6735,23.0224,88610
MWG,2015-09-01,23.3712,23.3712,22.4991,22.4991,31320
MWG,2015-09-03,22.1503,22.1503,21.8015,22.1503,32900
MWG,2015-09-04,22.1503,22.1503,21.8015,21.9759,23030
MWG,2015-09-07,21.9759,21.9759,21.2782,21.2782,40620
MWG,2015-09-08,21.2782,21.9758,21.2782,21.6271,12500
MWG,2015-09-09,21.9759,21.9759,21.2783,21.4527,19790
MWG,2015-09-10,21.2783,21.6271,21.1039,21.4527,25500
MWG,2015-09-11,21.4527,21.4527,21.2782,21.2782,25830
MWG,2015-09-14,21.4526,21.4526,20.9294,21.1038,18880
MWG,2015-09-15,21.1038,21.1038,20.5806,20.5806,51120
MWG,2015-09-16,20.5806,20.755,20.4062,20.5806,47720
MWG,2015-09-17,21.2782,21.2782,20.755,20.9294,17070
MWG,2015-09-18,21.2782,21.2782,21.1038,21.1038,37310
MWG,2015-09-21,21.1038,22.1503,21.1038,22.1503,77340
MWG,2015-09-22,22.4991,22.4991,21.8015,21.9759,43100
MWG,2015-09-23,21.9759,21.9759,21.6271,21.8015,18580
MWG,2015-09-24,21.8015,21.8015,21.4527,21.4527,14000
MWG,2015-09-25,21.6271,21.6271,21.4527,21.6271,34470
MWG,2015-09-28,21.4527,21.6271,21.2783,21.4527,25880
MWG,2015-09-29,21.1039,21.2783,21.1038,21.1038,12490
MWG,2015-09-30,21.2782,21.627,21.1038,21.2782,35050
MWG,2015-10-01,21.2782,21.4527,21.1038,21.4527,18210
MWG,2015-10-02,21.4527,21.6271,21.2783,21.6271,25160
MWG,2015-10-05,21.6271,21.8015,21.2783,21.8015,56170
MWG,2015-10-06,21.9759,23.0224,21.9759,22.6735,132300
MWG,2015-10-07,23.0223,23.5456,22.8479,23.0224,132400
MWG,2015-10-08,23.3712,24.5921,23.3712,24.4177,180880
MWG,2015-10-09,24.4177,24.4177,23.3712,23.72,100870
MWG,2015-10-12,23.72,23.8944,23.0224,23.1968,115070
MWG,2015-10-13,23.0224,24.2433,22.848000000000003,23.3712,137020
MWG,2015-10-14,23.3712,24.0688,23.3712,23.5456,65500
MWG,2015-10-15,23.5456,24.0688,23.5456,23.8944,154090
MWG,2015-10-16,23.8944,24.9409,23.72,24.4177,283290
MWG,2015-10-19,24.7665,24.7665,24.2433,24.5921,86440
MWG,2015-10-20,24.5921,24.5921,23.8945,24.0688,111340
MWG,2015-10-21,24.0688,24.0688,23.3712,23.3712,122980
MWG,2015-10-22,23.1968,23.8944,23.1968,23.72,83430
MWG,2015-10-23,23.5456,24.0688,23.5456,23.72,57590
MWG,2015-10-26,23.8944,24.0688,23.5456,23.72,72600
MWG,2015-10-27,23.5456,23.72,23.3712,23.5456,53190
MWG,2015-10-28,23.3712,23.72,23.3712,23.72,58040
MWG,2015-10-29,23.8944,25.2897,23.8944,25.2897,581760
MWG,2015-10-30,25.4641,26.1618,25.4641,25.813000000000002,359290
MWG,2015-11-02,25.813000000000002,25.813000000000002,25.1154,25.4641,203870
MWG,2015-11-03,25.2897,25.6385,24.7665,25.6385,244920
MWG,2015-11-04,25.6385,25.8129,25.4641,25.4641,134640
MWG,2015-11-05,25.4641,26.5106,25.1153,26.1618,207670
MWG,2015-11-06,25.9874,25.9874,25.2897,25.4641,121410
MWG,2015-11-09,25.6385,26.1617,25.1153,25.813000000000002,205020
MWG,2015-11-10,25.6386,25.813000000000002,25.2898,25.6385,174100
MWG,2015-11-11,25.6385,25.813000000000002,25.4641,25.813000000000002,69900
MWG,2015-11-12,25.813000000000002,26.5106,25.813000000000002,26.5106,459340
MWG,2015-11-13,26.5106,27.5571,26.5106,27.2082,290520
MWG,2015-11-16,27.0338,27.9058,26.8594,27.7315,340740
MWG,2015-11-17,27.7315,27.9059,27.0339,27.2082,310040
MWG,2015-11-18,27.0338,27.3827,26.8594,27.3827,70270
MWG,2015-11-19,27.3827,27.3827,27.0339,27.2082,113010
MWG,2015-11-20,27.2082,27.7314,27.2082,27.5571,211960
MWG,2015-11-23,28.0803,28.4292,27.9059,28.2547,224070
MWG,2015-11-24,28.2547,28.9523,28.0803,28.6035,264330
MWG,2015-11-25,28.6035,28.9523,27.9059,28.778000000000002,163740
MWG,2015-11-26,28.9524,28.9524,28.2547,28.2547,199810
MWG,2015-11-27,28.2547,28.4291,26.8594,27.0338,383380
MWG,2015-11-30,26.8594,27.0338,25.9873,26.1618,198970
MWG,2015-12-01,26.1618,26.8594,25.9874,26.3362,57370
MWG,2015-12-02,26.1618,26.8594,26.1618,26.685,42420
MWG,2015-12-03,26.5106,26.8594,26.3362,26.5106,35740
MWG,2015-12-04,26.1618,26.685,25.813000000000002,26.5106,125740
MWG,2015-12-07,26.5106,26.5106,26.1618,26.3362,48280
MWG,2015-12-08,26.1618,27.2083,25.813000000000002,26.8594,111010
MWG,2015-12-09,26.5106,26.8594,25.9873,26.1618,99560
MWG,2015-12-10,26.3362,26.5106,25.813000000000002,25.813000000000002,51590
MWG,2015-12-11,25.813000000000002,26.3362,25.6386,26.3362,45980
MWG,2015-12-14,26.1618,26.5106,25.9874,26.5106,53090
MWG,2015-12-15,26.5106,26.685,26.3362,26.685,100200
MWG,2015-12-16,26.8594,27.7315,26.685,27.3827,304540
MWG,2015-12-17,27.3827,27.5571,27.2083,27.5571,305780
MWG,2015-12-18,27.3827,27.5571,27.3827,27.3827,86030
MWG,2015-12-21,27.2083,27.5571,27.0339,27.5571,93740
MWG,2015-12-22,27.3827,27.5571,26.8595,27.2082,236520
MWG,2015-12-23,27.0338,27.557,27.0338,27.3827,182850
MWG,2015-12-24,27.3827,27.5571,27.2083,27.5571,57330
MWG,2015-12-25,27.5571,27.5571,27.0338,27.0338,51660
MWG,2015-12-28,27.0338,27.9059,26.8594,27.7315,316120
MWG,2015-12-29,27.5571,27.9059,27.5571,27.7315,109910
MWG,2015-12-30,27.7315,28.2547,27.7315,28.2547,264060
MWG,2015-12-31,27.7315,28.0803,27.2082,27.3827,398870
MWG,2016-01-04,27.3827,28.0803,27.2083,27.5571,396020
MWG,2016-01-05,27.5571,27.5571,27.0339,27.5571,98210
MWG,2016-01-06,27.3827,27.5571,27.2083,27.3827,76610
MWG,2016-01-07,27.2083,27.2083,26.1618,26.5106,222750
MWG,2016-01-08,26.3362,26.5106,25.4641,26.1618,97350
MWG,2016-01-11,25.9874,26.1618,25.4642,25.813000000000002,96610
MWG,2016-01-12,25.4642,26.1618,25.4642,26.1618,72520
MWG,2016-01-13,26.3362,26.3362,25.9874,25.9874,58300
MWG,2016-01-14,25.6386,25.813000000000002,25.2898,25.6385,177250
MWG,2016-01-15,25.6385,25.6385,25.2897,25.2897,103340
MWG,2016-01-18,25.1153,25.1153,23.5456,24.0688,222550
MWG,2016-01-19,24.0688,24.7665,23.8944,24.7665,86980
MWG,2016-01-20,24.7665,24.7665,24.2433,24.4177,49190
MWG,2016-01-21,24.4177,24.4177,23.8945,24.0688,65230
MWG,2016-01-22,24.0688,24.4176,23.3712,23.72,94540
MWG,2016-01-25,24.7665,25.1153,24.2432,25.1153,175000
MWG,2016-01-26,24.7665,24.9409,24.4177,24.7665,59150
MWG,2016-01-27,24.7665,24.9409,24.5921,24.9409,55080
MWG,2016-01-28,24.9409,24.9409,24.4177,24.4177,32570
MWG,2016-01-29,24.4177,25.1153,24.4177,25.1153,149010
MWG,2016-02-01,24.7665,25.2897,24.7665,25.1153,105090
MWG,2016-02-02,24.9409,25.2897,24.9409,25.1153,51310
MWG,2016-02-03,24.7665,25.1153,24.7665,25.1153,38030
MWG,2016-02-04,25.1153,25.4641,25.1153,25.1153,46320
MWG,2016-02-05,25.1153,25.6385,25.1153,25.6385,41110
MWG,2016-02-15,25.1153,25.4641,24.9409,25.2897,41340
MWG,2016-02-16,25.2897,25.2897,24.9409,25.2897,79510
MWG,2016-02-17,25.2897,25.4641,25.1153,25.1153,91360
MWG,2016-02-18,25.1153,26.1618,25.1153,25.9874,133790
MWG,2016-02-19,26.1618,26.1618,25.813000000000002,25.813000000000002,52460
MWG,2016-02-22,25.9874,26.5106,25.9874,26.5106,132720
MWG,2016-02-23,26.8594,27.2082,26.685,26.8594,265520
MWG,2016-02-24,26.8594,27.2082,26.5106,27.0338,61870
MWG,2016-02-25,27.0338,27.2082,26.5106,26.5106,197130
MWG,2016-02-26,26.5106,26.8594,26.3362,26.3362,137910
MWG,2016-02-29,26.685,26.685,26.1618,26.1618,140520
MWG,2016-03-01,26.1618,26.5106,26.1618,26.3362,109110
MWG,2016-03-02,26.3362,27.5571,26.3362,27.5571,393160
MWG,2016-03-03,27.5571,27.5571,27.3827,27.5571,86750
MWG,2016-03-04,27.3827,28.2547,27.2083,27.7315,339340
MWG,2016-03-07,27.7315,27.9059,27.3827,27.5571,132110
MWG,2016-03-08,27.5571,27.7315,27.2083,27.3827,107410
MWG,2016-03-09,27.2083,27.5571,27.2082,27.2082,109120
MWG,2016-03-10,27.2082,27.5571,27.2082,27.5571,105310
MWG,2016-03-11,27.5571,27.9059,27.3827,27.7315,210430
MWG,2016-03-14,27.9059,28.0803,27.5571,27.7315,90150
MWG,2016-03-15,27.7315,27.7315,27.3827,27.7315,113840
MWG,2016-03-16,27.5571,27.5571,26.8594,26.8594,298870
MWG,2016-03-17,27.0338,27.2082,26.5106,26.8594,195920
MWG,2016-03-18,26.8594,27.0338,26.685,26.8594,79290
MWG,2016-03-21,27.2082,27.557,27.0338,27.2082,177050
MWG,2016-03-22,27.2082,27.3826,26.8594,26.8594,73360
MWG,2016-03-23,27.0338,27.2082,26.8594,27.2082,81460
MWG,2016-03-24,27.3826,27.557,27.0338,27.3827,166690
MWG,2016-03-25,27.3827,27.5571,27.2083,27.3827,93810
MWG,2016-03-28,27.5571,27.5571,27.2082,27.2082,85470
MWG,2016-03-29,27.0338,27.3826,26.8594,27.0338,101140
MWG,2016-03-30,26.685,27.0338,26.685,26.8594,30870
MWG,2016-03-31,26.8594,27.0338,26.3362,26.3362,59990
MWG,2016-04-01,26.5106,26.5106,26.1618,26.3362,76360
MWG,2016-04-04,26.3362,26.5106,26.1618,26.1618,34900
MWG,2016-04-05,26.1618,26.5106,26.1618,26.5106,35210
MWG,2016-04-06,26.5106,26.685,26.1618,26.3362,33560
MWG,2016-04-07,26.5106,26.685,26.3362,26.5106,44780
MWG,2016-04-08,26.5106,26.8594,26.3362,26.685,101900
MWG,2016-04-11,26.685,27.0338,26.685,26.8594,96990
MWG,2016-04-12,26.8594,27.0338,26.5106,26.685,41990
MWG,2016-04-13,26.5106,26.8594,26.3362,26.5106,32250
MWG,2016-04-14,26.3362,26.5106,26.1618,26.3362,65170
MWG,2016-04-15,25.9874,26.685,25.9874,26.5106,82180
MWG,2016-04-19,26.5106,26.5106,25.813000000000002,25.813000000000002,56650
MWG,2016-04-20,25.6386,25.813000000000002,25.4642,25.813000000000002,49000
MWG,2016-04-21,25.813000000000002,25.813000000000002,25.4642,25.813000000000002,27270
MWG,2016-04-22,25.4642,25.9874,25.4642,25.813000000000002,29540
MWG,2016-04-25,26.8595,26.8595,26.3362,26.8594,135550
MWG,2016-04-26,26.8594,27.0338,26.685,26.685,110320
MWG,2016-04-27,26.5106,26.8594,26.3362,26.5106,49610
MWG,2016-04-28,26.5106,26.5106,26.1618,26.5106,40980
MWG,2016-04-29,26.1618,26.5106,26.1618,26.1618,37930
MWG,2016-05-04,26.1618,27.5571,26.1618,27.0338,322850
MWG,2016-05-05,27.2082,27.3827,26.8594,27.3827,341280
MWG,2016-05-06,27.7383,28.0939,27.7383,27.9166,225130
MWG,2016-05-09,27.9166,28.2722,27.561,27.9166,243600
MWG,2016-05-10,27.9166,27.9166,27.561,27.7388,125390
MWG,2016-05-11,27.9166,27.9166,27.561,27.9166,128100
MWG,2016-05-12,27.7388,27.9166,27.3832,27.561,73160
MWG,2016-05-13,27.7388,27.7388,27.0276,27.0276,113660
MWG,2016-05-16,27.0276,27.3832,26.8498,27.0276,42770
MWG,2016-05-17,26.8498,27.3832,26.8498,27.3832,103450
MWG,2016-05-18,27.3832,27.7388,27.2054,27.3832,41930
MWG,2016-05-19,27.3832,27.561,27.2054,27.2054,57210
MWG,2016-05-20,27.0276,27.561,27.0276,27.3832,42320
MWG,2016-05-23,27.7388,28.4501,27.561,28.4501,803880
MWG,2016-05-24,28.9835,29.8726,28.9835,29.6948,588980
MWG,2016-05-25,29.6948,29.8726,29.517,29.8726,184200
MWG,2016-05-26,29.8726,30.0504,29.3391,29.3391,279620
MWG,2016-05-27,29.3391,30.2282,29.1613,30.0504,428880
MWG,2016-05-30,30.2282,30.406,30.0504,30.406,185160
MWG,2016-05-31,30.5838,30.7616,30.406,30.5838,156180
MWG,2016-06-01,30.5838,30.5838,30.2282,30.406,89680
MWG,2016-06-02,30.406,30.406,30.2282,30.406,120220
MWG,2016-06-03,30.406,31.4729,30.406,31.2951,303770
MWG,2016-06-06,31.4729,32.8954,31.4729,32.7176,555590
MWG,2016-06-07,33.251,34.1401,33.0732,33.9623,365940
MWG,2016-06-08,34.1401,34.1401,33.4289,33.6066,283670
MWG,2016-06-09,33.251,33.4288,32.5397,32.8954,304660
MWG,2016-06-10,33.0732,33.4288,32.7176,33.4288,125150
MWG,2016-06-13,33.4288,33.4288,33.0732,33.4288,123360
MWG,2016-06-14,33.4288,35.5626,33.0732,35.5626,313590
MWG,2016-06-15,35.9182,35.9182,35.207,35.3848,164120
MWG,2016-06-16,35.5626,36.6295,35.3848,36.2738,118040
MWG,2016-06-17,35.9182,36.6294,34.8513,35.5626,154070
MWG,2016-06-20,36.9851,38.052,36.9851,38.052,288080
MWG,2016-06-21,39.1189,39.1189,37.6964,38.4076,264300
MWG,2016-06-22,38.4076,38.7632,37.6963,38.4076,99510
MWG,2016-06-23,38.052,40.897,38.052,40.897,448580
MWG,2016-06-24,40.897,43.742,38.052,43.3863,877910
MWG,2016-06-27,42.675,43.3863,40.8969,43.3863,201010
MWG,2016-06-28,42.3194,43.0307,41.9638,42.3195,135670
MWG,2016-06-29,41.9639,44.4533,41.9639,44.4532,299110
MWG,2016-06-30,44.4532,45.1645,43.7419,43.742,136970
MWG,2016-07-01,43.742,44.4533,43.3864,43.742,254340
MWG,2016-07-04,44.4533,44.4533,43.3864,44.0976,204000
MWG,2016-07-05,44.4532,44.4532,43.742,43.742,170630
MWG,2016-07-06,43.3864,43.742,42.6751,43.742,189000
MWG,2016-07-07,44.4533,46.586999999999996,43.742,46.586999999999996,452050
MWG,2016-07-08,46.586999999999996,47.2983,45.8757,46.2313,121180
MWG,2016-07-11,45.8757,48.3651,45.8757,46.9426,222850
MWG,2016-07-12,46.9426,48.0095,45.8757,48.0095,183060
MWG,2016-07-13,49.0764,50.1433,48.3651,49.7876,207820
MWG,2016-07-14,49.7876,51.2101,49.431999999999995,49.7876,233920
MWG,2016-07-15,49.7876,50.1432,47.2982,48.7207,278440
MWG,2016-07-18,49.0763,49.7876,48.7207,49.431999999999995,224360
MWG,2016-07-19,49.7876,49.7876,48.3651,49.7876,255690
MWG,2016-07-20,49.431999999999995,49.431999999999995,47.2982,47.2982,280260
MWG,2016-07-21,47.2982,48.0095,45.1644,45.8757,266080
MWG,2016-07-22,45.5201,48.0095,44.0976,48.0095,384670
MWG,2016-07-25,48.0095,48.0095,46.2314,47.2982,67230
MWG,2016-07-26,47.2982,47.2982,46.2313,46.2313,56150
MWG,2016-07-27,46.2313,46.5869,45.8757,46.2313,57150
MWG,2016-07-28,46.2313,48.0094,45.8757,47.2982,120870
MWG,2016-07-29,47.2982,48.3651,47.2982,47.6539,102870
MWG,2016-08-01,47.6539,48.0095,46.2313,46.2313,202820
MWG,2016-08-02,45.8757,45.8757,44.0975,44.0976,160680
MWG,2016-08-03,43.3863,44.4532,43.3863,44.0976,175840
MWG,2016-08-04,45.8757,46.2314,45.1645,45.8757,149850
MWG,2016-08-05,45.8757,47.2982,45.8757,46.9426,156700
MWG,2016-08-08,47.6539,47.6539,46.9426,46.9426,81890
MWG,2016-08-09,46.9426,47.6539,46.586999999999996,46.586999999999996,99040
MWG,2016-08-10,46.586999999999996,47.6539,46.2314,46.9426,154070
MWG,2016-08-11,46.9426,49.431999999999995,46.586999999999996,49.431999999999995,366120
MWG,2016-08-12,50.8545,50.8545,48.7207,48.7207,128800
MWG,2016-08-15,48.7207,50.8545,48.3651,50.1432,293800
MWG,2016-08-16,50.4988,53.3438,50.4988,51.5657,423840
MWG,2016-08-17,52.9882,55.122,52.277,54.7664,298740
MWG,2016-08-18,54.4108,54.4108,53.3439,53.6995,173180
MWG,2016-08-19,53.3439,55.8333,52.277,54.0551,312270
MWG,2016-08-22,54.0551,55.122,53.3438,53.6995,222720
MWG,2016-08-23,53.3439,54.4108,52.6326,54.4107,208990
MWG,2016-08-24,54.4107,55.8332,51.9213,51.9214,1015770
MWG,2016-08-25,51.5658,51.9214,50.1433,50.4989,480970
MWG,2016-08-26,50.4989,51.9214,50.4989,50.8545,319450
MWG,2016-08-29,50.8545,51.5658,48.7207,48.7207,474240
MWG,2016-08-30,49.0763,51.2101,49.0763,51.2101,240460
MWG,2016-08-31,52.277,52.277,50.4988,51.2101,267210
MWG,2016-09-01,51.5657,51.5657,50.4988,50.8545,217600
MWG,2016-09-05,51.2101,51.5658,50.4989,51.5657,150500
MWG,2016-09-06,51.5657,52.277,51.2101,51.9214,135710
MWG,2016-09-07,51.5658,51.9214,49.7876,51.2101,148920
MWG,2016-09-08,51.5657,51.5657,50.8545,51.2101,144480
MWG,2016-09-09,51.2101,51.2101,49.0763,49.7876,377010
MWG,2016-09-12,49.7876,49.7876,47.725,48.0095,246870
MWG,2016-09-13,48.0095,49.431999999999995,48.0095,49.2542,93000
MWG,2016-09-14,49.3965,49.3965,48.294,48.294,73620
MWG,2016-09-15,48.2229,48.2229,47.0849,47.0849,172940
MWG,2016-09-16,47.6539,48.2229,47.2983,47.6894,151300
MWG,2016-09-19,47.6894,47.725,46.2313,46.586999999999996,264460
MWG,2016-09-20,46.586999999999996,47.6539,46.586999999999996,47.476000000000006,106800
MWG,2016-09-21,47.2982,48.5429,47.2982,48.0095,130260
MWG,2016-09-22,48.0095,49.3609,48.0095,49.0408,127670
MWG,2016-09-23,49.0764,49.431999999999995,48.2229,48.7207,155140
MWG,2016-09-26,48.7207,48.7207,47.8672,48.0095,160460
MWG,2016-09-27,47.9739,48.4007,47.8317,48.3295,116840
MWG,2016-09-28,48.3295,49.0763,48.0094,48.8985,143310
MWG,2016-09-29,48.8985,50.1432,48.7207,49.2897,231710
MWG,2016-09-30,49.751999999999995,49.8943,49.3253,49.5031,96750
MWG,2016-10-03,50.0365,50.0365,49.2897,49.3964,146180
MWG,2016-10-04,49.3964,49.3964,48.3295,48.3651,193350
MWG,2016-10-05,49.0408,49.0408,48.0095,48.0095,119470
MWG,2016-10-06,47.9739,49.0764,47.9384,48.294,105360
MWG,2016-10-07,48.294,48.6496,47.6894,47.8317,105310
MWG,2016-10-10,47.6894,48.1518,47.6894,47.725,71260
MWG,2016-10-11,48.1518,48.1518,47.2982,48.1517,114380
MWG,2016-10-12,48.0806,49.3964,48.0806,49.0764,123500
MWG,2016-10-13,49.0764,52.4904,49.0764,52.4904,739640
MWG,2016-10-14,52.7749,54.0552,52.4904,52.6326,145960
MWG,2016-10-17,51.9213,52.2058,50.89,50.9612,210270
MWG,2016-10-18,50.4989,54.0196,50.4989,53.3439,268420
MWG,2016-10-19,53.983999999999995,54.3752,53.3795,53.4506,103920
MWG,2016-10-20,53.4506,53.5217,52.6327,53.3439,143530
MWG,2016-10-21,53.6995,55.122,53.0594,53.6995,172440
MWG,2016-10-24,54.0196,54.0196,51.7435,51.7435,229130
MWG,2016-10-25,51.7791,51.8858,50.8544,51.2101,159550
MWG,2016-10-26,50.9612,52.0992,50.9612,51.2101,203050
MWG,2016-10-27,51.5302,52.0992,51.5302,52.0992,137950
MWG,2016-10-28,52.0992,52.8105,52.0992,52.8104,118150
MWG,2016-10-31,52.8104,52.8104,51.5657,51.5657,118380
MWG,2016-11-01,50.8544,52.3481,50.8544,52.277,105610
MWG,2016-11-02,52.277,53.0949,51.9214,52.2059,104410
MWG,2016-11-03,51.9214,54.4108,51.9214,54.4107,627210
MWG,2016-11-04,54.4107,55.2998,53.6994,53.8773,338550
MWG,2016-11-07,54.0551,54.7308,53.9129,54.2329,34680
MWG,2016-11-08,54.5885,55.8332,54.4107,54.8375,136330
MWG,2016-11-09,54.1618,55.122,52.277,55.122,319730
MWG,2016-11-10,56.5445,57.2558,55.6554,56.0111,233850
MWG,2016-11-11,56.0111,56.9002,55.4777,56.26,105990
MWG,2016-11-14,55.8332,57.2202,55.8332,55.8332,198830
MWG,2016-11-15,56.011,56.1888,54.9797,55.1931,162860
MWG,2016-11-16,55.1575,55.2287,54.3752,54.4107,160290
MWG,2016-11-17,54.7663,56.0821,54.4107,55.2998,150580
MWG,2016-11-18,54.8019,56.0111,54.8019,55.4776,69310
MWG,2016-11-21,55.6199,56.1533,55.4776,55.6554,47690
MWG,2016-11-22,55.5131,58.4649,55.5131,58.4649,273000
MWG,2016-11-23,58.3226,58.6783,56.9001,57.6114,241160
MWG,2016-11-24,57.6114,58.3227,57.6114,57.6469,68530
MWG,2016-11-25,57.6825,58.3226,56.9001,57.967,107770
MWG,2016-11-28,57.7892,58.8561,57.7892,57.7892,286650
MWG,2016-11-29,58.3226,58.3226,57.7892,57.967,112320
MWG,2016-11-30,57.967,58.6783,57.6114,58.6783,196420
MWG,2016-12-01,58.6783,59.5674,58.6783,58.8561,249290
MWG,2016-12-02,59.2829,59.2829,58.6783,58.6783,167130
MWG,2016-12-05,58.3227,58.3227,55.8332,55.8332,249980
MWG,2016-12-06,55.8332,56.8645,54.5885,54.7664,298940
MWG,2016-12-07,54.5886,55.0865,53.3795,54.8375,180290
MWG,2016-12-08,55.7977,55.7977,54.5886,55.122,97210
MWG,2016-12-09,55.122,55.4776,54.7664,55.122,81800
MWG,2016-12-12,55.2998,55.2998,54.2685,54.2685,84390
MWG,2016-12-13,54.1262,54.5886,53.7351,54.2685,84180
MWG,2016-12-14,54.0551,55.122,54.0551,55.122,71500
MWG,2016-12-15,55.4065,55.4065,54.6952,54.6952,110950
MWG,2016-12-16,54.4107,54.873000000000005,54.2329,54.553000000000004,52320
MWG,2016-12-19,55.4776,56.3667,52.6326,53.6995,1394910
MWG,2016-12-20,53.3439,54.9798,53.0238,54.9797,292650
MWG,2016-12-21,54.9797,55.442,54.7663,55.3709,156770
MWG,2016-12-22,55.122,55.3709,54.6241,55.122,249980
MWG,2016-12-23,55.1576,55.4065,54.9442,55.0509,198200
MWG,2016-12-26,55.122,56.50899999999999,55.122,56.5089,280350
MWG,2016-12-27,56.5089,57.2557,56.2244,56.7223,252970
MWG,2016-12-28,56.7223,56.7223,56.2244,56.6156,141150
MWG,2016-12-29,56.5445,56.9001,56.011,56.5445,319690
MWG,2016-12-30,55.7977,56.1889,55.2998,55.4776,739330
MWG,2017-01-03,55.4776,55.8332,55.122,55.7266,127640
MWG,2017-01-04,55.7266,56.1178,55.5132,55.9399,75090
MWG,2017-01-05,55.9399,56.1177,55.8332,56.1177,116930
MWG,2017-01-06,56.0821,56.5089,55.8332,56.1177,210050
MWG,2017-01-09,56.1888,56.1888,55.6554,55.7266,126740
MWG,2017-01-10,55.5488,56.3312,55.1576,55.9044,180070
MWG,2017-01-11,56.0111,56.9002,56.0111,56.9001,348450
MWG,2017-01-12,56.9001,57.7536,56.9001,56.9001,205680
MWG,2017-01-13,56.9001,57.0068,56.58,56.7223,84390
MWG,2017-01-16,56.5445,56.9001,56.3667,56.3667,83590
MWG,2017-01-17,56.1889,56.3667,56.0111,56.1889,106820
MWG,2017-01-18,56.2245,56.4023,56.1889,56.1889,82110
MWG,2017-01-19,56.5445,56.5445,56.0111,56.0111,37760
MWG,2017-01-20,55.8688,56.9002,55.8688,56.7223,74860
MWG,2017-01-23,56.8646,56.8646,56.011,56.2956,62600
MWG,2017-01-24,56.2956,56.5445,56.1889,56.5445,120870
MWG,2017-01-25,56.5445,56.9001,56.3667,56.9001,82160
MWG,2017-02-02,57.2557,60.1008,56.9357,60.1008,422570
MWG,2017-02-03,60.1008,60.7765,59.4251,59.7451,122970
MWG,2017-02-06,59.7451,60.7764,59.2472,60.6342,249400
MWG,2017-02-07,60.4564,60.7765,60.2786,60.5986,200400
MWG,2017-02-08,60.4563,60.5986,59.3895,60.0296,204010
MWG,2017-02-09,60.0296,60.0652,58.7849,59.3895,249940
MWG,2017-02-10,59.3895,60.2786,59.3895,59.8518,131350
MWG,2017-02-13,60.1007,61.8433,60.1007,61.5944,399340
MWG,2017-02-14,61.8078,61.8433,61.1676,61.1676,113620
MWG,2017-02-15,61.1676,61.8077,60.812,61.5233,112270
MWG,2017-02-16,61.4166,63.3014,61.4166,61.5233,224120
MWG,2017-02-17,61.5233,62.4124,60.7054,61.1676,438000
MWG,2017-02-20,61.1676,61.1676,59.7451,59.7451,213330
MWG,2017-02-21,59.7451,60.4564,59.7451,59.9229,114080
MWG,2017-02-22,60.1007,60.2785,58.856,59.0694,203790
MWG,2017-02-23,59.0694,59.3895,58.1448,58.7849,242260
MWG,2017-02-24,58.0025,59.0339,57.6113,59.0339,189820
MWG,2017-02-27,60.243,61.5233,59.7452,59.9585,338060
MWG,2017-02-28,59.7451,60.1008,59.4251,59.4251,115880
MWG,2017-03-01,59.3895,59.3895,58.9983,59.2117,104490
MWG,2017-03-02,59.0694,60.1008,59.0339,59.3895,100290
MWG,2017-03-03,59.3895,59.4606,59.0339,59.1406,106870
MWG,2017-03-06,59.3895,59.5674,59.0339,59.1406,95580
MWG,2017-03-07,59.1406,59.8519,58.6783,59.7096,116510
MWG,2017-03-08,60.0652,61.3099,59.7452,60.3853,278100
MWG,2017-03-09,60.3853,60.4564,59.9941,60.1008,41170
MWG,2017-03-10,60.1008,60.3853,59.9585,60.1008,54480
MWG,2017-03-13,60.6342,61.0966,60.2786,60.3853,223660
MWG,2017-03-14,60.4564,61.1677,60.4564,61.1676,242660
MWG,2017-03-15,61.8789,62.1989,61.381,61.8789,357810
MWG,2017-03-16,62.768,62.8391,60.6342,60.812,349140
MWG,2017-03-17,60.812,61.3099,60.1007,61.0609,236840
MWG,2017-03-20,61.5232,61.5232,60.8475,61.0965,91340
MWG,2017-03-21,61.0254,61.4521,61.0254,61.3099,141970
MWG,2017-03-22,61.06100000000001,61.1676,60.1008,60.1719,254390
MWG,2017-03-23,60.1719,60.4208,59.674,59.9229,175150
MWG,2017-03-24,60.2785,60.3852,59.9229,59.9941,105010
MWG,2017-03-27,59.9941,60.4564,58.9628,59.0339,356790
MWG,2017-03-28,59.0339,59.674,58.6783,59.0339,131620
MWG,2017-03-29,59.0339,59.8163,58.5005,59.5673,309790
MWG,2017-03-30,59.105,59.9941,59.105,59.9229,142470
MWG,2017-03-31,59.425,60.2074,59.425,59.8518,62910
MWG,2017-04-03,60.1007,60.1007,59.2472,59.5673,155160
MWG,2017-04-04,59.5673,59.5673,59.0694,59.2117,98080
MWG,2017-04-05,59.2117,59.5318,59.2117,59.3895,57020
MWG,2017-04-07,59.3895,59.4962,59.0339,59.3895,54260
MWG,2017-04-10,59.3895,59.3895,59.0339,59.0694,69450
MWG,2017-04-11,59.105,59.9585,59.105,59.9585,88220
MWG,2017-04-12,59.8518,60.7764,59.7807,60.1008,160680
MWG,2017-04-13,60.2786,60.7054,60.2786,60.4564,86350
MWG,2017-04-14,60.4564,60.492,59.4606,59.4606,126310
MWG,2017-04-17,59.3895,59.7451,58.6782,58.6783,206180
MWG,2017-04-18,58.6783,58.6783,57.3269,57.967,177340
MWG,2017-04-19,57.967,59.3895,57.967,59.3895,98260
MWG,2017-04-20,59.3895,59.3895,59.0339,59.0339,40210
MWG,2017-04-21,59.0339,59.5318,59.0339,59.2117,55150
MWG,2017-04-24,59.354,59.7451,59.0339,59.0339,150250
MWG,2017-04-25,58.7138,59.0339,57.8603,58.1448,73220
MWG,2017-04-26,58.1448,59.1406,58.1448,58.3582,145010
MWG,2017-04-27,58.6783,59.354,58.3582,59.3184,76780
MWG,2017-04-28,59.354,59.3895,59.0339,59.3895,102600
MWG,2017-05-03,59.0339,60.2786,59.0339,59.9585,73610
MWG,2017-05-04,60.1008,61.1676,60.1008,61.0965,225890
MWG,2017-05-05,61.1676,61.5233,60.812,61.1676,142540
MWG,2017-05-08,61.1676,61.2743,60.4208,60.7764,67420
MWG,2017-05-09,60.4919,61.3454,60.4919,61.3454,199170
MWG,2017-05-10,61.8788,62.27,61.381,61.381,260390
MWG,2017-05-11,61.5233,62.0567,61.1676,61.5233,121850
MWG,2017-05-12,61.7011,61.9501,61.1677,61.8789,183350
MWG,2017-05-15,62.0212,65.4352,62.0212,65.2218,448540
MWG,2017-05-16,65.2574,65.2574,64.0482,64.2616,261360
MWG,2017-05-17,64.3683,64.9373,63.5503,64.0126,185390
MWG,2017-05-18,64.0126,64.7239,63.657,64.1193,201390
MWG,2017-05-19,64.1904,64.6172,64.1193,64.5461,303350
MWG,2017-05-22,68.132,68.132,65.2633,65.4078,695190
MWG,2017-05-23,65.623,68.1331,65.4078,67.7745,418500
MWG,2017-05-24,68.1331,72.508,68.1331,70.9301,844050
MWG,2017-05-25,71.0018,72.4362,70.2129,70.4998,419610
MWG,2017-05-26,69.926,70.2846,69.42399999999999,69.5675,244610
MWG,2017-05-29,69.5675,70.1413,67.5593,67.5593,399320
MWG,2017-05-30,67.0573,67.7745,66.3401,66.9139,358640
MWG,2017-05-31,66.5553,68.4917,66.5553,67.0573,185320
MWG,2017-06-01,67.0573,68.7068,67.0573,68.7068,215340
MWG,2017-06-02,69.5674,69.5674,67.9896,68.4917,124580
MWG,2017-06-05,68.1331,68.6351,67.7028,68.1331,146690
MWG,2017-06-06,68.1331,69.2089,67.7745,68.9937,258430
MWG,2017-06-07,68.9937,69.7109,68.4917,69.5675,359430
MWG,2017-06-08,69.9261,70.6433,69.4241,70.2847,290590
MWG,2017-06-09,70.2847,70.7867,69.5675,69.7826,139610
MWG,2017-06-12,69.7826,70.0695,69.0654,69.2089,120460
MWG,2017-06-13,68.8503,69.3523,67.9897,68.1331,228320
MWG,2017-06-14,68.1331,68.4917,67.7745,68.4917,215100
MWG,2017-06-15,68.4917,69.0655,68.42,68.6351,166790
MWG,2017-06-16,68.8503,68.8503,68.1331,68.2765,176730
MWG,2017-06-19,68.1331,68.4199,67.9896,68.2048,171770
MWG,2017-06-20,68.2765,70.2847,68.2048,69.5675,420950
MWG,2017-06-21,69.9261,70.21300000000001,69.2806,70.0695,314390
MWG,2017-06-22,70.0695,72.4362,70.0695,72.4362,398150
MWG,2017-06-23,73.8706,75.5918,72.5796,73.7989,596460
MWG,2017-06-26,74.5878,74.5878,73.0817,73.8706,321990
MWG,2017-06-27,73.8706,73.8706,72.4362,72.6514,272110
MWG,2017-06-28,71.7191,72.4362,71.0019,72.0776,1111060
MWG,2017-06-29,72.0776,73.1534,71.7907,72.4362,404540
MWG,2017-06-30,73.0817,74.5878,73.01,73.7989,519720
MWG,2017-07-03,73.7989,74.803,73.512,73.7272,554410
MWG,2017-07-04,73.3686,74.9464,73.2969,74.2292,333370
MWG,2017-07-05,74.2292,74.5878,73.6554,73.6555,247230
MWG,2017-07-06,73.6555,73.8707,73.1535,73.6555,357610
MWG,2017-07-07,73.5838,74.1575,73.5838,73.8706,352070
MWG,2017-07-10,73.8706,73.8706,71.719,72.7948,317010
MWG,2017-07-11,72.7948,73.1534,72.0776,72.7948,282370
MWG,2017-07-12,72.7948,73.5837,72.4362,73.512,201330
MWG,2017-07-13,73.7989,73.7989,72.8665,73.5837,162470
MWG,2017-07-14,73.512,73.5837,73.1534,73.1534,150230
MWG,2017-07-17,73.1534,75.2333,73.1534,74.0141,566470
MWG,2017-07-18,73.5121,73.7272,72.7949,73.2969,156360
MWG,2017-07-19,73.2969,73.4403,72.7949,73.2251,195430
MWG,2017-07-20,73.1534,73.1534,71.719,72.0776,421830
MWG,2017-07-21,72.0776,72.4362,69.2088,69.5675,744800
MWG,2017-07-24,69.5675,70.7867,69.5675,69.9978,334540
MWG,2017-07-25,70.2847,70.8584,70.1412,70.715,219850
MWG,2017-07-26,70.715,72.4363,70.715,71.719,218910
MWG,2017-07-27,71.719,72.0776,71.0735,71.3605,207900
MWG,2017-07-28,71.3605,72.4363,71.3605,72.4362,256490
MWG,2017-07-31,72.4362,72.6514,71.719,72.0776,230400
MWG,2017-08-01,72.0776,72.4362,71.0735,71.3605,187240
MWG,2017-08-02,71.1453,72.0777,71.0736,71.3605,183370
MWG,2017-08-03,71.0736,72.3646,71.0736,71.7908,327450
MWG,2017-08-04,73.1535,76.3808,72.7949,76.3808,975130
MWG,2017-08-07,77.4566,78.8192,76.8111,78.3172,992150
MWG,2017-08-08,78.1738,78.2455,76.5242,76.7394,401650
MWG,2017-08-09,76.0222,76.0939,74.5878,74.803,642160
MWG,2017-08-10,73.8707,75.7353,73.8707,75.4484,314170
MWG,2017-08-11,75.305,76.3807,75.0898,75.8788,357440
MWG,2017-08-14,75.8788,76.8829,75.6636,76.3808,229930
MWG,2017-08-15,76.3808,77.8152,76.3808,76.9545,384890
MWG,2017-08-16,77.0979,77.8151,76.8828,77.0263,266480
MWG,2017-08-17,76.7394,77.0263,75.7353,75.7353,434080
MWG,2017-08-18,75.7353,76.5959,74.9464,75.7353,319960
MWG,2017-08-21,75.7353,76.1656,75.4484,76.0222,278040
MWG,2017-08-22,76.1656,76.5242,75.3767,75.3767,199310
MWG,2017-08-23,75.3767,75.6636,74.5161,74.5878,452770
MWG,2017-08-24,74.5878,75.7353,74.5161,75.5919,444160
MWG,2017-08-25,75.6636,75.9505,75.0181,75.7353,275330
MWG,2017-08-28,75.8787,75.9505,75.3767,75.9505,385200
MWG,2017-08-29,76.1657,77.4566,76.1657,76.8111,509890
MWG,2017-08-30,76.7394,78.891,76.6677,78.5324,1158810
MWG,2017-08-31,78.5324,78.8193,78.3172,78.4606,361660
MWG,2017-09-01,78.5323,78.7475,78.1737,78.4606,492190
MWG,2017-09-05,78.4606,78.5323,77.4565,77.4566,418240
MWG,2017-09-06,77.3849,78.1738,77.3132,77.4566,268760
MWG,2017-09-07,77.8152,78.3889,77.6718,77.7434,254140
MWG,2017-09-08,77.8151,78.7475,77.8151,78.5324,317800
MWG,2017-09-11,78.8193,80.684,78.8193,79.2495,829940
MWG,2017-09-12,79.3212,80.3253,79.2495,80.3253,307880
MWG,2017-09-13,80.9708,82.69200000000001,80.9708,82.1183,873330
MWG,2017-09-14,82.4769,83.1224,81.8314,82.1183,383810
MWG,2017-09-15,81.8314,82.3335,81.186,81.6163,299400
MWG,2017-09-18,81.4011,82.4052,81.0425,81.9032,365170
MWG,2017-09-19,81.9032,82.3335,81.2577,81.5446,384620
MWG,2017-09-20,81.7598,81.9749,81.4729,81.7597,234100
MWG,2017-09-21,81.7597,82.4052,81.7597,81.8314,221340
MWG,2017-09-22,81.8314,83.8396,81.8314,83.8396,879430
MWG,2017-09-25,83.9113,85.6326,83.9113,84.6285,552100
MWG,2017-09-26,84.6285,85.274,83.9113,83.98299999999999,412600
MWG,2017-09-27,83.9113,84.2699,82.4769,82.4769,465320
MWG,2017-09-28,82.8355,83.9113,82.4052,82.6921,606770
MWG,2017-09-29,83.1941,83.6962,83.0507,83.4093,190250
MWG,2017-10-02,83.4093,84.5568,83.4093,84.1264,300420
MWG,2017-10-03,84.1264,85.1305,83.98299999999999,84.6285,552510
MWG,2017-10-04,84.6285,85.5608,84.4133,84.6285,316560
MWG,2017-10-05,85.274,85.274,83.9113,83.9113,339310
MWG,2017-10-06,84.1265,84.4851,83.8396,84.2699,276260
MWG,2017-10-09,84.3416,85.3457,84.3416,85.3457,391870
MWG,2017-10-10,85.3457,88.5731,85.3457,88.573,847320
MWG,2017-10-11,88.573,89.075,87.6407,87.6407,516070
MWG,2017-10-12,88.1427,88.573,87.7841,88.2144,522850
MWG,2017-10-13,88.2144,89.6488,88.2144,89.6488,539360
MWG,2017-10-16,90.0074,91.4418,90.0074,91.4418,468240
MWG,2017-10-17,91.0832,91.8004,90.7246,91.5135,438880
MWG,2017-10-18,91.6569,93.3782,91.1549,92.15899999999999,789940
MWG,2017-10-19,92.15899999999999,94.6692,92.15899999999999,94.6691,643740
MWG,2017-10-20,95.3863,96.6772,91.2983,91.4418,1759640
MWG,2017-10-23,91.0832,91.3701,90.0074,90.0074,886300
MWG,2017-10-24,89.5771,91.8004,89.5771,91.8004,806950
MWG,2017-10-25,92.5176,94.1671,92.15899999999999,94.1671,586890
MWG,2017-10-26,95.3863,95.3863,92.15899999999999,93.4499,906180
MWG,2017-10-27,93.3065,93.95200000000001,92.7327,93.95200000000001,498290
MWG,2017-10-30,94.9561,94.9561,92.5176,93.0913,586820
MWG,2017-10-31,92.8761,93.0913,92.15899999999999,92.15899999999999,380140
MWG,2017-11-01,92.4459,92.4459,90.7246,91.0115,613970
MWG,2017-11-02,90.7246,91.0115,85.4174,86.0629,1823520
MWG,2017-11-03,86.0629,90.0074,86.0629,90.0074,596960
MWG,2017-11-06,90.5812,92.0873,90.366,91.0832,407030
MWG,2017-11-07,91.1549,91.3701,90.2943,90.5812,404420
MWG,2017-11-08,90.5812,91.8004,90.5812,91.8004,500630
MWG,2017-11-09,91.8004,93.5934,91.8004,92.5176,963520
MWG,2017-11-10,92.5176,93.4499,91.5135,92.4459,595520
MWG,2017-11-13,92.4459,92.4459,91.2984,91.8004,543700
MWG,2017-11-14,92.5176,96.8207,92.15899999999999,96.4621,2057700
MWG,2017-11-15,96.4621,97.9682,95.7449,95.7449,715210
MWG,2017-11-16,95.7449,97.0358,95.3863,96.4621,589230
MWG,2017-11-17,96.8207,97.1793,95.458,96.1035,682340
MWG,2017-11-20,96.1035,97.8965,95.6732,97.8965,767100
MWG,2017-11-21,97.8965,99.4026,97.8965,97.8965,965780
MWG,2017-11-22,97.8965,99.1157,97.1076,98.6137,813520
MWG,2017-11-23,98.9723,99.4026,97.5379,98.1117,680450
MWG,2017-11-24,97.7531,98.2551,97.2511,97.9682,540170
MWG,2017-11-27,98.0399,98.4702,94.3105,95.3863,1430020
MWG,2017-11-28,95.2429,96.3186,94.1671,95.0995,493330
MWG,2017-11-29,95.3864,96.6056,95.1712,96.4621,380520
MWG,2017-11-30,97.1076,97.1793,96.1752,96.8207,453750
MWG,2017-12-01,96.5338,97.5379,96.1035,97.4662,437480
MWG,2017-12-04,97.1793,98.1834,96.8924,97.6813,552520
MWG,2017-12-05,97.6813,97.8965,95.1711,95.1712,481740
MWG,2017-12-06,95.0995,95.3146,92.5893,93.0196,1041660
MWG,2017-12-07,93.9519,94.1671,92.3024,92.3024,529330
MWG,2017-12-08,92.3024,93.3782,91.9438,92.5176,370230
MWG,2017-12-11,91.0832,92.3742,90.5812,91.2266,565050
MWG,2017-12-12,91.2983,92.4458,88.2144,90.7246,788930
MWG,2017-12-13,90.7246,91.3701,89.0033,89.0033,425000
MWG,2017-12-14,88.9316,92.8762,88.9316,92.8762,512900
MWG,2017-12-15,92.9479,95.0278,92.661,94.6691,410030
MWG,2017-12-18,94.6691,95.6732,94.3822,94.6691,386750
MWG,2017-12-19,94.6691,96.3186,94.0236,96.1035,710570
MWG,2017-12-20,96.1035,96.1035,94.6691,95.3863,607890
MWG,2017-12-21,93.2347,94.6691,92.8761,92.8762,891390
MWG,2017-12-22,92.8762,95.0278,92.5893,94.6691,462180
MWG,2017-12-25,94.4539,94.6691,93.4499,93.95200000000001,422830
MWG,2017-12-26,93.95200000000001,95.1712,93.95200000000001,94.6691,314940
MWG,2017-12-27,94.6691,94.8843,92.8761,93.2348,601920
MWG,2017-12-28,93.2348,94.3106,93.2348,93.8085,843070
MWG,2017-12-29,93.8802,95.5298,93.8085,93.95200000000001,2556830
MWG,2018-01-02,93.95200000000001,95.0278,93.95200000000001,94.6691,566400
MWG,2018-01-03,94.8125,96.9641,94.6691,96.5338,1132510
MWG,2018-01-04,96.1752,97.1076,96.1035,96.749,678710
MWG,2018-01-05,96.8207,96.8207,95.2429,95.6732,733030
MWG,2018-01-08,95.0277,95.3863,93.9519,94.1671,752020
MWG,2018-01-09,94.1671,94.6691,93.163,94.3105,854350
MWG,2018-01-10,94.3105,95.3863,93.9519,95.1712,726350
MWG,2018-01-11,94.3106,95.0278,94.3106,94.5974,432890
MWG,2018-01-12,94.5974,94.5974,93.3065,93.3782,761010
MWG,2018-01-15,93.3782,93.6651,93.2348,93.5934,426390
MWG,2018-01-16,93.6651,94.3106,93.2348,93.8802,502050
MWG,2018-01-17,93.665,93.8802,91.8003,91.8004,699560
MWG,2018-01-18,91.4418,92.8762,90.366,92.8762,472240
MWG,2018-01-19,92.8762,92.8762,91.0115,91.4418,374620
MWG,2018-01-22,91.5135,94.3106,91.2984,92.15899999999999,328910
MWG,2018-01-25,92.5176,93.5934,91.1549,92.5176,735390
MWG,2018-01-26,92.8762,93.0914,91.2266,91.2266,282470
MWG,2018-01-29,91.2266,91.2266,86.9952,88.7882,1019580
MWG,2018-01-30,89.6488,91.0115,88.7165,90.2943,429120
MWG,2018-01-31,90.2943,90.2943,88.9316,90.0074,418280
MWG,2018-02-01,89.6488,96.24700000000001,88.7165,96.24700000000001,467000
MWG,2018-02-02,92.8762,93.2348,90.7963,90.7963,852600
MWG,2018-02-05,90.366,90.366,87.4972,88.573,695700
MWG,2018-02-06,86.0628,86.4214,82.8355,85.3457,1006780
MWG,2018-02-07,87.4256,88.1427,86.4215,86.4215,458750
MWG,2018-02-08,87.1387,87.1387,84.2699,85.1305,331600
MWG,2018-02-09,82.4769,82.4769,79.6081,80.3253,895800
MWG,2018-02-12,82.4769,82.4769,79.9667,81.688,570900
MWG,2018-02-13,81.7597,86.4215,81.7597,86.0629,192920
MWG,2018-02-21,86.7801,88.4296,86.7801,88.2144,200190
MWG,2018-02-22,87.4972,88.1427,85.3456,85.3457,303130
MWG,2018-02-23,85.7043,86.1346,85.4174,85.9194,207380
MWG,2018-02-26,86.0628,87.8558,85.9194,86.78,478400
MWG,2018-02-27,87.4972,90.366,86.0628,90.366,746580
MWG,2018-02-28,89.6488,90.0074,88.573,88.9316,351460
MWG,2018-03-01,88.2144,88.9316,87.1386,87.8558,277590
MWG,2018-03-02,86.78,87.3538,85.8477,87.1386,690310
MWG,2018-03-05,87.4972,87.7841,85.5608,85.7043,768540
MWG,2018-03-06,85.7043,85.77600000000001,82.4769,83.9113,609300
MWG,2018-03-07,83.1941,83.1941,81.5446,81.8314,619200
MWG,2018-03-08,81.9031,83.1941,81.9031,82.5486,243880
MWG,2018-03-09,83.1941,83.5527,82.4769,83.2658,244020
MWG,2018-03-12,83.2658,84.485,83.2658,83.9113,192120
MWG,2018-03-13,83.9113,83.98299999999999,82.8355,83.1941,219390
MWG,2018-03-14,83.9113,84.4133,82.4769,82.4769,250220
MWG,2018-03-15,82.4769,82.4769,81.4011,81.4011,349720
MWG,2018-03-16,83.1941,83.1941,79.6081,81.3294,481790
MWG,2018-03-19,83.5527,84.6285,83.1941,83.9113,527170
MWG,2018-03-20,84.4133,86.7801,83.98299999999999,86.0629,673160
MWG,2018-03-21,87.4973,87.9993,86.0629,86.0629,433980
MWG,2018-03-22,86.0629,87.2104,84.6285,84.7002,293790
MWG,2018-03-23,82.4769,84.6285,81.8314,83.3375,278400
MWG,2018-03-26,82.4769,84.9153,82.4769,82.4769,224100
MWG,2018-03-27,82.4769,83.48100000000001,81.7597,81.7597,341730
MWG,2018-03-28,81.7597,82.4052,81.1859,81.186,314920
MWG,2018-03-29,81.7598,82.1183,80.1819,81.1142,351580
MWG,2018-03-30,81.0425,81.688,80.899,80.8991,183280
MWG,2018-04-02,80.8991,81.1143,78.891,78.9627,767210
MWG,2018-04-03,78.9627,78.9627,73.8706,73.8706,1076000
MWG,2018-04-04,73.8706,76.5242,73.8706,75.2333,511510
MWG,2018-04-05,75.6636,77.3132,75.5919,75.5919,215460
MWG,2018-04-06,75.5919,77.098,75.1616,75.5202,265350
MWG,2018-04-09,75.8788,76.0222,74.0858,74.1575,306530
MWG,2018-04-10,74.1575,74.2292,72.4362,72.4362,506380
MWG,2018-04-11,72.4362,73.512,71.5756,71.5756,525250
MWG,2018-04-12,71.719,74.2292,71.5756,74.2292,495810
MWG,2018-04-13,75.305,75.5919,74.5878,75.5919,542420
MWG,2018-04-16,76.0222,76.3808,75.305,76.0222,343280
MWG,2018-04-17,76.1656,76.3808,75.305,75.4484,244320
MWG,2018-04-18,75.305,75.4484,73.8706,73.8706,206100
MWG,2018-04-19,74.1575,74.1575,70.2846,70.2847,314620
MWG,2018-04-20,71.7191,73.2252,71.0019,73.2251,338220
MWG,2018-04-23,75.305,78.0303,75.2332,76.7394,685820
MWG,2018-04-24,76.7394,77.7577,76.3757,76.8835,220980
MWG,2018-04-26,76.738,77.1017,73.1739,73.3194,338620
MWG,2018-04-27,73.4649,74.9196,72.0101,74.1922,330400
MWG,2018-05-02,74.1922,77.1017,73.8285,73.8285,254610
MWG,2018-05-03,74.1922,74.1922,72.8829,73.9013,258960
MWG,2018-05-04,74.1923,74.9196,73.6831,73.8285,184450
MWG,2018-05-07,73.8285,78.6292,73.8285,78.5565,597020
MWG,2018-05-08,79.1384,79.1384,76.5199,76.8108,297750
MWG,2018-05-09,76.3744,77.8291,76.2289,77.029,262950
MWG,2018-05-10,76.7381,77.029,72.7375,72.7375,530300
MWG,2018-05-11,72.6648,74.9196,72.6648,74.9196,310160
MWG,2018-05-14,75.64699999999999,76.738,74.6287,76.3743,273900
MWG,2018-05-15,76.3743,78.1927,76.0106,77.6836,474040
MWG,2018-05-16,77.1017,77.6836,76.0834,76.3743,201990
MWG,2018-05-17,76.0106,76.6652,75.065,75.0651,309370
MWG,2018-05-18,74.9196,77.1017,74.265,77.1017,301160
MWG,2018-05-21,79.2838,81.4659,78.5564,80.2294,1188460
MWG,2018-05-22,80.0839,80.3021,77.6109,79.2838,423890
MWG,2018-05-23,79.2838,82.1933,78.3382,82.1933,872610
MWG,2018-05-24,82.8479,83.5026,81.6114,82.7025,681070
MWG,2018-05-25,82.6298,82.9207,80.0112,80.0112,611380
MWG,2018-05-28,78.5565,79.2838,74.4104,74.4104,1155930
MWG,2018-05-29,74.4104,77.8291,73.4648,76.3743,551780
MWG,2018-05-30,76.3743,77.1017,74.4104,74.9196,440950
MWG,2018-05-31,74.9196,77.2472,74.4104,77.2472,340200
MWG,2018-06-01,77.1017,79.2838,76.0834,79.2838,607160
MWG,2018-06-04,79.2838,81.1022,78.5564,79.2838,528750
MWG,2018-06-05,79.2838,80.884,78.9201,80.6658,550980
MWG,2018-06-06,80.7385,86.1939,80.6658,86.1939,1622250
MWG,2018-06-07,86.1212,86.4121,84.4482,84.6664,586210
MWG,2018-06-08,84.3755,88.667,84.0118,88.0123,1050630
MWG,2018-06-11,86.9212,90.1944,86.4121,89.2489,863640
MWG,2018-06-12,87.5032,88.3761,84.8119,87.3577,1008440
MWG,2018-06-13,88.0123,89.3216,87.3577,89.1761,697380
MWG,2018-06-14,88.7397,91.6492,88.7397,89.4671,790730
MWG,2018-06-15,89.4671,90.7036,88.1578,90.04899999999999,481440
MWG,2018-06-18,90.1217,91.2855,85.8302,85.8302,1070590
MWG,2018-06-19,84.0118,85.3938,79.8657,83.6481,1911210
MWG,2018-06-20,83.7208,85.0301,82.9207,84.23,411110
MWG,2018-06-21,84.8846,85.4665,82.9207,82.9207,516060
MWG,2018-06-22,82.9207,85.0301,81.6842,85.0301,476580
MWG,2018-06-25,87.285,89.3943,87.285,87.9396,705100
MWG,2018-06-26,86.7758,87.8669,85.6847,87.285,441230
MWG,2018-06-27,87.285,88.8852,85.8302,85.8302,817170
MWG,2018-06-28,84.8119,85.7575,82.9934,83.4299,638030
MWG,2018-06-29,83.6481,84.7392,82.9207,82.9207,491140
MWG,2018-07-02,82.1933,82.1933,77.8291,77.8291,1026590
MWG,2018-07-03,77.9018,78.9202,72.8102,72.8102,1075280
MWG,2018-07-04,74.0467,76.0106,72.4465,76.0106,779570
MWG,2018-07-05,76.0106,76.3743,72.7374,73.97399999999999,558520
MWG,2018-07-06,74.1922,78.5565,72.9557,77.4654,567910
MWG,2018-07-09,77.8291,78.9201,75.64699999999999,76.3743,328540
MWG,2018-07-10,76.0834,77.4654,75.6469,76.3016,301970
MWG,2018-07-11,74.1922,75.64699999999999,72.7375,73.4648,488530
MWG,2018-07-12,72.8829,76.3743,72.8829,74.1922,286890
MWG,2018-07-13,75.9379,77.029,74.9923,76.3743,325760
MWG,2018-07-16,77.3926,79.1383,77.1017,77.9746,401950
MWG,2018-07-17,77.8291,81.46600000000001,76.8835,81.46600000000001,824160
MWG,2018-07-18,81.46600000000001,82.7753,81.0296,82.1933,460950
MWG,2018-07-19,82.7752,84.3754,81.4659,83.8663,862370
MWG,2018-07-20,82.9207,82.9207,80.8113,82.557,928360
MWG,2018-07-23,82.1933,84.7391,82.1206,82.848,763720
MWG,2018-07-24,82.4116,83.4299,80.8114,81.7569,511920
MWG,2018-07-25,81.7569,82.6297,80.3749,80.3749,499320
MWG,2018-07-26,80.3749,81.3932,78.5565,80.0112,435230
MWG,2018-07-27,80.0112,82.9207,80.0112,82.7752,701950
MWG,2018-07-30,82.8479,84.3755,82.8479,84.3755,596030
MWG,2018-07-31,84.7392,85.4666,84.0118,84.9574,568610
MWG,2018-08-01,85.4666,85.5393,82.5571,82.6298,627780
MWG,2018-08-02,82.1206,82.7753,81.175,82.7752,613430
MWG,2018-08-03,82.9207,83.7935,81.8296,81.8296,447190
MWG,2018-08-06,81.8296,82.1933,80.7385,80.7386,363260
MWG,2018-08-07,80.7386,81.5387,80.0112,80.7386,435930
MWG,2018-08-08,80.7386,83.2117,80.7386,82.848,340650
MWG,2018-08-09,82.9207,83.7936,82.6298,83.2117,431240
MWG,2018-08-10,83.2117,84.3028,82.848,83.939,684860
MWG,2018-08-13,83.6481,83.6481,82.7025,83.0662,422090
MWG,2018-08-14,83.6481,85.7575,83.6481,85.61200000000001,1034100
MWG,2018-08-15,85.8302,86.994,84.23,84.3755,785450
MWG,2018-08-16,83.7936,86.4849,83.7209,86.4848,801100
MWG,2018-08-17,86.9212,87.6486,85.9029,85.9029,647260
MWG,2018-08-20,86.1938,88.2305,85.9029,88.0123,812330
MWG,2018-08-21,88.0123,89.1034,87.8668,88.7397,612430
MWG,2018-08-22,89.1034,89.1034,87.7941,88.5215,423640
MWG,2018-08-23,88.5215,88.7397,87.8669,88.667,461070
MWG,2018-08-24,88.3033,88.5943,87.285,88.0123,569900
MWG,2018-08-27,88.2305,90.2672,87.8668,89.758,709210
MWG,2018-08-28,90.1944,90.1944,88.9579,89.4671,628850
MWG,2018-08-29,89.4671,89.8308,88.8125,88.9579,241030
MWG,2018-08-30,88.9579,89.758,88.7397,89.4671,459170
MWG,2018-08-31,89.9763,89.9763,87.285,87.285,722760
MWG,2018-09-04,87.285,87.9396,86.1212,86.1212,698900
MWG,2018-09-05,86.1212,86.5576,84.3755,84.5937,749310
MWG,2018-09-06,85.3938,85.61200000000001,84.5937,84.6664,535920
MWG,2018-09-07,84.4482,85.7575,84.4482,85.321,285090
MWG,2018-09-10,85.321,86.1211,85.1028,85.3938,364420
MWG,2018-09-11,85.9757,87.6487,85.3938,87.6486,688570
MWG,2018-09-12,88.0123,88.9579,87.8668,87.9396,699630
MWG,2018-09-13,88.0123,89.4671,87.8669,88.376,662640
MWG,2018-09-14,88.7397,89.3216,88.4487,88.7397,261860
MWG,2018-09-17,88.376,88.7397,87.285,87.6486,409860
MWG,2018-09-18,87.2122,88.7397,86.5575,88.7397,327290
MWG,2018-09-19,89.4671,89.4671,87.8669,88.667,368460
MWG,2018-09-20,88.667,89.1034,88.0851,88.376,323370
MWG,2018-09-21,88.6669,91.6492,88.376,91.6492,1257670
MWG,2018-09-24,91.6492,92.7403,91.6492,92.1584,572820
MWG,2018-09-25,92.1584,92.1584,91.2856,91.8674,498320
MWG,2018-09-26,91.6492,92.2311,90.9218,90.9218,650080
MWG,2018-09-27,91.14,93.1039,90.3399,93.1039,770310
MWG,2018-09-28,93.4676,94.4859,92.522,92.522,642710
MWG,2018-10-01,92.3765,93.0312,92.0856,92.3766,489970
MWG,2018-10-02,92.3766,93.3222,92.1584,92.3766,486880
MWG,2018-10-03,92.3039,93.1767,92.1584,93.1767,473490
MWG,2018-10-04,93.3222,94.5587,93.3222,93.7586,467720
MWG,2018-10-05,93.8313,94.5587,92.0129,92.0129,605250
MWG,2018-10-08,92.0129,93.8313,91.8674,93.1039,660700
MWG,2018-10-09,93.1766,94.9951,93.1766,94.195,823360
MWG,2018-10-10,94.5587,95.2861,94.0495,95.2861,576480
MWG,2018-10-11,93.8314,93.8314,90.5581,90.5581,1579640
MWG,2018-10-12,90.2672,92.7403,90.2672,92.7403,617790
MWG,2018-10-15,92.81299999999999,92.81299999999999,90.9219,91.2855,803450
MWG,2018-10-16,90.9218,92.6675,90.9218,92.6675,298340
MWG,2018-10-17,93.1039,94.195,92.81299999999999,93.1039,360430
MWG,2018-10-18,93.3221,93.4676,91.8674,92.0129,389170
MWG,2018-10-19,91.2855,91.8674,90.4854,90.9946,467910
MWG,2018-10-22,91.6492,91.9402,90.7036,90.7036,271340
MWG,2018-10-23,90.1944,90.1944,85.8302,86.9213,832020
MWG,2018-10-24,86.9213,88.0851,84.7391,84.7391,508800
MWG,2018-10-25,80.3749,84.0117,80.3749,82.1933,590330
MWG,2018-10-26,83.648,83.7935,78.5564,78.5565,849040
MWG,2018-10-29,78.5565,79.5748,76.0834,76.1561,941930
MWG,2018-10-30,76.3743,78.9929,76.1561,77.9018,580920
MWG,2018-10-31,78.6292,82.0479,78.6292,82.0479,383980
MWG,2018-11-01,82.1934,82.5571,80.0113,80.3749,499610
MWG,2018-11-02,82.1206,82.557,80.7386,81.8296,504810
MWG,2018-11-05,81.0295,81.3932,79.6475,81.0295,293080
MWG,2018-11-06,81.8296,81.8296,80.3749,81.0295,218730
MWG,2018-11-07,81.8296,82.4842,80.7386,81.46600000000001,643430
MWG,2018-11-08,80.7386,81.46600000000001,78.7747,80.0112,604530
MWG,2018-11-09,80.0112,81.4659,77.1017,77.1017,477280
MWG,2018-11-12,77.1017,80.3749,77.1017,80.0112,304040
MWG,2018-11-13,78.7019,79.2838,78.1928,78.3382,317270
MWG,2018-11-14,78.4837,79.4293,78.0473,78.0473,158520
MWG,2018-11-15,78.5565,79.502,77.8291,77.8291,292820
MWG,2018-11-16,78.5565,80.0112,77.8291,77.9746,631250
MWG,2018-11-19,79.7203,82.1449,79.7203,82.1181,674870
MWG,2018-11-20,82.1181,82.1181,81.2455,81.7303,205300
MWG,2018-11-21,80.6638,82.40899999999999,80.6638,82.2151,342490
MWG,2018-11-22,83.1846,83.7663,82.9907,83.1846,284960
MWG,2018-11-23,83.1846,83.3785,81.4395,81.4395,275770
MWG,2018-11-26,81.4395,82.9907,81.4395,82.40899999999999,243680
MWG,2018-11-27,82.8938,83.0877,81.7303,81.8273,170510
MWG,2018-11-28,81.9243,82.3121,81.6334,82.0212,177110
MWG,2018-11-29,82.40899999999999,82.8938,81.9242,82.40899999999999,301730
MWG,2018-11-30,82.0212,82.506,81.4395,81.9242,319650
MWG,2018-12-03,82.8937,85.3175,82.40899999999999,85.3175,881770
MWG,2018-12-04,85.8023,85.9962,85.0266,85.3175,350360
MWG,2018-12-05,84.6388,86.5779,84.251,86.0932,391320
MWG,2018-12-06,85.3176,86.7719,84.8328,85.2206,485380
MWG,2018-12-07,85.2206,86.2871,85.2206,85.8993,498460
MWG,2018-12-10,85.8993,85.8993,85.0267,85.3175,381370
MWG,2018-12-11,85.3175,85.7053,84.8327,85.1236,362460
MWG,2018-12-12,85.3175,87.6443,85.3175,86.7718,483230
MWG,2018-12-13,87.3535,87.3535,86.0931,86.2871,442940
MWG,2018-12-14,86.0932,86.0932,85.1237,85.2206,666410
MWG,2018-12-17,84.348,84.8328,82.40899999999999,82.40899999999999,944150
MWG,2018-12-18,80.47,82.6999,80.47,82.6999,771090
MWG,2018-12-19,82.8938,83.2816,82.0212,83.1846,370690
MWG,2018-12-20,82.40899999999999,83.1846,82.1181,82.8938,342770
MWG,2018-12-21,82.40899999999999,84.7359,81.3426,84.348,926110
MWG,2018-12-24,84.348,84.8328,83.8632,83.8633,318090
MWG,2018-12-25,82.40899999999999,83.6694,81.5365,82.7968,554610
MWG,2018-12-26,83.1846,83.6694,82.6029,82.7968,342390
MWG,2018-12-27,84.2511,84.348,83.0877,83.7663,662910
MWG,2018-12-28,83.7663,84.348,82.0212,84.348,1051360
MWG,2019-01-02,84.348,84.348,82.8937,82.8938,351730
MWG,2019-01-03,82.8938,83.0877,80.47,80.47,703060
MWG,2019-01-04,80.47,81.1487,79.5005,81.0517,432170
MWG,2019-01-07,81.4395,82.8938,81.2456,82.40899999999999,398000
MWG,2019-01-08,82.40899999999999,82.40899999999999,81.4395,81.4395,172180
MWG,2019-01-09,81.4395,83.0877,81.4395,82.7968,440950
MWG,2019-01-10,82.7968,83.3785,82.1181,83.3785,285290
MWG,2019-01-11,83.3785,83.3785,82.40899999999999,82.40899999999999,360780
MWG,2019-01-14,82.40899999999999,82.40899999999999,81.4395,82.40899999999999,454580
MWG,2019-01-15,82.40899999999999,83.0877,81.7303,83.0877,871010
MWG,2019-01-16,82.8938,84.1542,82.6999,82.6999,1761330
MWG,2019-01-17,83.3786,83.3786,82.6029,82.6999,457130
MWG,2019-01-18,82.6029,82.8938,81.8273,81.8273,195210
MWG,2019-01-21,81.8273,82.0212,80.9547,81.1486,440920
MWG,2019-01-22,81.2456,81.9242,81.1486,81.2456,141590
MWG,2019-01-23,81.2456,81.4395,80.9547,81.0517,176570
MWG,2019-01-24,81.0517,81.3426,80.7608,81.0517,147770
MWG,2019-01-25,81.0517,81.3426,80.6639,80.6639,223510
MWG,2019-01-28,80.6639,81.6334,80.6639,81.0517,270250
MWG,2019-01-29,81.0517,82.8938,80.373,82.8938,461840
MWG,2019-01-30,81.9243,82.2151,81.0517,81.0517,263110
MWG,2019-01-31,81.4395,81.9243,80.47,80.47,206030
MWG,2019-02-01,81.1487,81.6334,80.373,80.47,420360
MWG,2019-02-11,80.9548,82.0212,80.9548,82.0212,355460
MWG,2019-02-12,82.0212,82.6999,82.0212,82.0212,343450
MWG,2019-02-13,82.0212,83.5724,82.0212,83.5724,1212540
MWG,2019-02-14,83.5724,83.7663,82.8937,83.0877,668840
MWG,2019-02-15,83.0877,83.6694,82.6999,83.4755,717740
MWG,2019-02-18,83.8633,83.9603,83.2816,83.4755,455150
MWG,2019-02-19,83.4755,85.0267,83.4755,84.348,1911250
MWG,2019-02-20,84.348,84.9297,84.251,84.445,592890
MWG,2019-02-21,84.445,85.2206,84.445,85.2206,781820
MWG,2019-02-22,85.0267,86.9657,84.445,86.2871,1190030
MWG,2019-02-25,87.2566,88.42,86.7719,86.8688,1273860
MWG,2019-02-26,87.0627,87.0627,85.5115,85.8023,797730
MWG,2019-02-27,86.1901,86.6749,85.1236,85.5115,575710
MWG,2019-02-28,85.5115,85.9963,84.1541,84.1541,1160450
MWG,2019-03-01,84.9297,85.2206,84.348,84.8328,431190
MWG,2019-03-04,85.8023,86.6749,84.6389,86.2871,769420
MWG,2019-03-05,86.2871,87.2566,85.1236,85.1236,706580
MWG,2019-03-06,85.3175,85.6084,84.6388,85.4145,536430
MWG,2019-03-07,85.8023,85.8023,84.9297,85.0267,458460
MWG,2019-03-08,84.348,84.7358,83.7663,83.9602,830580
MWG,2019-03-11,84.6389,85.2206,84.2511,84.7358,358070
MWG,2019-03-12,85.3175,85.8023,85.1236,85.8023,667370
MWG,2019-03-13,85.8023,87.2566,85.8023,86.6749,1079120
MWG,2019-03-14,86.7719,86.7719,85.8023,86.2871,530270
MWG,2019-03-15,86.2871,86.57799999999999,85.6084,85.8993,456820
MWG,2019-03-18,85.8993,86.57799999999999,85.8023,86.48100000000001,722860
MWG,2019-03-19,86.57799999999999,88.2261,86.1901,86.384,1161490
MWG,2019-03-20,85.8023,86.5779,85.3175,85.8023,431600
MWG,2019-03-21,85.8023,86.384,85.2206,85.2206,706020
MWG,2019-03-22,85.2206,85.4145,84.348,84.5419,671770
MWG,2019-03-25,83.8632,83.8632,81.2455,81.2456,1163400
MWG,2019-03-26,82.40899999999999,82.6029,81.3426,81.5364,588520
MWG,2019-03-27,81.9242,82.31200000000001,81.8273,81.8273,207810
MWG,2019-03-28,81.9243,82.1182,81.5364,81.8273,352840
MWG,2019-03-29,82.0212,82.6029,81.9243,82.2151,285550
MWG,2019-04-01,82.2151,82.506,81.4395,81.5364,484640
MWG,2019-04-02,82.31200000000001,82.5059,81.5364,81.5364,287660
MWG,2019-04-03,81.9242,81.9242,81.1486,81.2456,235540
MWG,2019-04-04,81.2456,81.7304,80.8578,80.9547,317500
MWG,2019-04-05,80.0821,81.7303,80.0821,81.5364,354560
MWG,2019-04-08,81.9242,81.9242,80.9547,81.4395,186580
MWG,2019-04-09,81.4395,81.5365,80.6639,81.1486,275970
MWG,2019-04-10,80.8577,81.0516,79.6943,80.2761,401860
MWG,2019-04-11,79.9852,80.567,79.6944,79.9852,222580
MWG,2019-04-12,79.9852,80.2761,79.4035,79.9852,349720
MWG,2019-04-16,79.3065,79.6943,78.9187,79.2096,454000
MWG,2019-04-17,79.2096,79.5974,78.9187,79.3065,343330
MWG,2019-04-18,79.3065,79.5004,78.1431,78.9187,378380
MWG,2019-04-19,79.0157,79.7913,78.9187,79.6943,242750
MWG,2019-04-22,80.0821,80.8577,79.9852,80.47,359660
MWG,2019-04-23,80.47,80.6639,79.8883,80.2761,205300
MWG,2019-04-24,80.2761,80.8578,80.1791,80.47,318360
MWG,2019-04-25,80.7609,81.4395,80.47,80.9547,273010
MWG,2019-04-26,80.9547,82.40899999999999,80.7608,82.31200000000001,729640
MWG,2019-05-02,82.6998,83.7663,82.6998,83.3785,558270
MWG,2019-05-03,83.3785,83.3785,82.5059,83.2816,383610
MWG,2019-05-06,82.40899999999999,82.40899999999999,80.9548,81.2456,406200
MWG,2019-05-07,81.5365,81.9243,80.9547,81.3425,292510
MWG,2019-05-08,80.4699,81.3425,79.9852,80.9547,339560
MWG,2019-05-09,80.8577,81.9242,80.7608,81.5364,381100
MWG,2019-05-10,81.5364,82.5059,81.4394,82.40899999999999,343700
MWG,2019-05-13,82.31200000000001,82.7968,81.4395,82.6029,266140
MWG,2019-05-14,82.40899999999999,83.0877,82.0212,82.8938,511320
MWG,2019-05-15,83.2816,84.6389,83.1847,84.348,772070
MWG,2019-05-16,84.348,84.7358,83.3785,83.3785,341020
MWG,2019-05-17,83.3785,84.348,83.3785,83.8633,298530
MWG,2019-05-20,84.0572,85.8993,84.0572,85.6084,899010
MWG,2019-05-21,85.7054,86.384,85.2206,85.5115,943500
MWG,2019-05-22,85.8024,86.7719,85.5115,85.8023,673140
MWG,2019-05-23,86.7885,86.7885,85.8023,86.3905,575790
MWG,2019-05-24,85.99600000000001,88.06700000000001,85.7002,87.4753,1173580
MWG,2019-05-27,87.2781,87.5739,86.0946,86.4892,539410
MWG,2019-05-28,86.292,87.1795,86.292,86.9822,511870
MWG,2019-05-29,86.9822,87.2781,86.1932,86.2919,910660
MWG,2019-05-30,86.2919,86.785,85.8974,86.3905,394320
MWG,2019-05-31,86.3905,86.4891,84.8126,84.9112,626570
MWG,2019-06-03,84.8126,84.8126,82.9388,83.8264,549540
MWG,2019-06-04,84.2209,84.8126,83.4319,84.8126,224080
MWG,2019-06-05,85.4043,86.0947,85.3057,85.4043,290690
MWG,2019-06-06,85.7988,85.7988,84.8126,85.3057,383430
MWG,2019-06-07,85.5029,87.0809,85.5029,87.0809,656210
MWG,2019-06-10,87.1795,88.2643,87.0809,87.3767,726010
MWG,2019-06-11,87.7712,89.2505,87.6726,88.3629,1050580
MWG,2019-06-12,88.7574,89.7436,88.2643,89.4477,948660
MWG,2019-06-13,89.5463,89.5463,87.9684,88.1657,762860
MWG,2019-06-14,88.5602,88.5602,87.6726,87.8698,645930
MWG,2019-06-17,87.7712,87.9684,86.2919,86.5878,767010
MWG,2019-06-18,86.6864,87.1795,86.4892,87.0809,409820
MWG,2019-06-19,87.7712,88.2643,87.1795,87.3767,378510
MWG,2019-06-20,87.7712,90.3353,87.5739,89.4477,1146920
MWG,2019-06-21,89.5463,90.6311,89.5463,89.7436,516880
MWG,2019-06-24,90.6312,91.2229,89.4477,90.1381,774060
MWG,2019-06-25,90.1381,90.5326,89.3491,90.5325,489060
MWG,2019-06-26,90.5325,92.0118,89.9408,91.5187,761460
MWG,2019-06-27,90.8284,91.5187,89.5463,89.7436,761170
MWG,2019-06-28,89.9408,91.5187,89.5464,91.5187,714920
MWG,2019-07-01,92.209,93.4911,92.0118,93.3925,938140
MWG,2019-07-02,93.5897,94.4773,93.0966,94.1815,1129010
MWG,2019-07-03,93.787,94.6746,93.6884,94.2801,855880
MWG,2019-07-04,94.6746,95.2663,94.0829,94.1815,648430
MWG,2019-07-05,93.8856,94.3787,93.5898,94.0828,618980
MWG,2019-07-08,93.6883,93.9842,92.8007,92.99799999999999,716580
MWG,2019-07-09,93.2939,95.6607,92.6035,95.6607,962970
MWG,2019-07-10,95.9566,98.1262,95.9566,97.0414,1046150
MWG,2019-07-11,97.14,97.929,96.6469,96.6469,703060
MWG,2019-07-12,96.6469,97.8303,95.7593,96.7456,708120
MWG,2019-07-15,97.4359,100.5918,96.7456,99.8028,1558100
MWG,2019-07-16,99.8028,101.2821,99.6056,100.789,716650
MWG,2019-07-17,100.789,101.1835,100.0987,100.1972,598590
MWG,2019-07-18,100.0986,102.4655,99.5069,102.4655,1109730
MWG,2019-07-19,103.0572,104.5365,102.5641,104.4379,1097520
MWG,2019-07-22,104.5365,106.0158,103.7476,105.0296,859840
MWG,2019-07-23,105.0296,107.3965,104.8324,107.3964,897670
MWG,2019-07-24,107.495,108.1854,105.9171,105.9172,778010
MWG,2019-07-25,105.9172,107.00200000000001,105.0296,106.4103,918260
MWG,2019-07-26,106.5089,107.00200000000001,104.3393,105.2268,1174450
MWG,2019-07-29,105.7199,105.7199,102.4655,104.5365,1919130
MWG,2019-07-30,104.0434,105.5227,102.2682,102.2682,1014250
MWG,2019-07-31,101.7751,105.5226,101.7751,105.3254,684050
MWG,2019-08-01,104.8323,107.00200000000001,104.14200000000001,107.00200000000001,875760
MWG,2019-08-02,106.0158,107.00200000000001,105.5227,106.5089,799720
MWG,2019-08-05,106.5089,109.86200000000001,106.213,107.9882,1309220
MWG,2019-08-06,105.4241,109.2703,105.4241,108.4813,990630
MWG,2019-08-07,108.4813,112.6233,108.4813,112.426,1280730
MWG,2019-08-08,112.9191,113.4122,111.1439,111.4398,862840
MWG,2019-08-09,111.8343,114.2998,111.3412,114.2998,673570
MWG,2019-08-12,114.2998,116.3708,113.0177,115.3846,714330
MWG,2019-08-13,114.8915,116.7653,113.4122,116.1736,911770
MWG,2019-08-14,116.9626,117.8501,116.5681,117.2584,726650
MWG,2019-08-15,116.1736,118.3432,115.1874,118.3432,926680
MWG,2019-08-16,119.1322,120.7101,115.6805,115.6805,1469190
MWG,2019-08-19,116.1736,117.1598,113.7081,116.2722,1147930
MWG,2019-08-20,116.5681,118.3432,116.3708,118.3432,539450
MWG,2019-08-21,118.3432,120.21700000000001,117.6529,118.6391,817580
MWG,2019-08-22,118.8363,118.8363,115.8777,115.8777,1036330
MWG,2019-08-23,115.8777,116.3708,113.4122,114.8915,1033040
MWG,2019-08-26,113.6094,116.2722,113.6094,114.7929,1035590
MWG,2019-08-27,115.6805,115.8777,109.9606,112.426,1894440
MWG,2019-08-28,112.426,112.426,110.7495,112.2288,598140
MWG,2019-08-29,112.2288,113.4122,111.5385,113.4122,339460
MWG,2019-08-30,113.4122,115.5818,113.4122,115.286,646070
MWG,2019-09-03,115.6805,116.6667,115.3846,115.9763,672220
MWG,2019-09-04,115.9763,116.7653,115.5818,116.2722,478350
MWG,2019-09-05,116.3708,116.3708,113.4122,114.5957,873420
MWG,2019-09-06,114.5957,115.7791,113.6095,115.3846,446190
MWG,2019-09-09,114.8915,115.8777,114.49700000000001,114.49700000000001,268270
MWG,2019-09-10,115.3846,115.3846,112.9191,113.3136,526620
MWG,2019-09-11,113.215,113.5108,111.14399999999999,113.5108,699470
MWG,2019-09-12,114.2998,115.5818,113.2149,115.1874,849030
MWG,2019-09-13,115.8777,120.7101,115.8777,120.7101,2604620
MWG,2019-09-16,121.006,123.07700000000001,120.9073,121.7949,1105630
MWG,2019-09-17,121.6963,121.7949,120.3156,121.6963,433580
MWG,2019-09-18,121.4004,122.7811,119.9212,120.3156,837380
MWG,2019-09-19,120.8087,123.4714,120.0197,123.4714,535580
MWG,2019-09-20,124.1617,126.0355,122.288,124.7535,626230
MWG,2019-09-23,124.2604,125.2466,121.7949,122.288,706560
MWG,2019-09-24,121.0059,122.8797,120.3156,120.3156,796020
MWG,2019-09-25,120.4142,123.7673,119.8225,123.7673,640200
MWG,2019-09-26,124.1618,124.7535,122.7811,124.2604,454270
MWG,2019-09-27,124.7535,127.0217,124.2604,126.2327,1283330
MWG,2019-09-30,127.2189,127.712,124.2603,124.359,678780
MWG,2019-10-01,124.359,126.0355,124.359,125.7396,581240
MWG,2019-10-02,125.7396,125.9368,123.4714,123.4714,697640
MWG,2019-10-03,122.3866,123.4714,122.288,123.3728,905190
MWG,2019-10-04,124.0631,124.0631,121.3018,121.3018,612110
MWG,2019-10-07,121.3018,121.9921,119.3294,119.3294,868850
MWG,2019-10-08,119.3294,121.3018,118.9349,121.3018,617490
MWG,2019-10-09,121.6963,122.1894,120.9073,121.8935,258380
MWG,2019-10-10,121.8935,122.5838,121.0059,121.8935,309090
MWG,2019-10-11,121.9921,122.0907,121.0059,121.6963,226390
MWG,2019-10-14,121.7949,123.7673,121.3018,122.9783,557790
MWG,2019-10-15,122.9783,124.1617,122.7811,123.7673,330130
MWG,2019-10-16,124.2604,124.7535,123.2742,123.3728,332150
MWG,2019-10-17,123.2742,123.2742,121.0059,121.2032,752150
MWG,2019-10-18,121.5977,121.8935,120.6115,121.2032,340930
MWG,2019-10-21,121.7949,122.1894,120.3156,121.2032,420540
MWG,2019-10-22,121.3018,121.4004,120.1184,121.4004,283110
MWG,2019-10-23,120.8087,122.6825,120.4142,121.499,267910
MWG,2019-10-24,121.499,125.7396,121.499,125.7396,1551290
MWG,2019-10-25,126.0355,126.2327,125.0493,126.1341,619560
MWG,2019-10-28,126.2327,127.3175,125.641,125.8383,791430
MWG,2019-10-29,125.8383,126.6273,125.2465,125.2465,451930
MWG,2019-10-30,124.5562,124.9506,122.8796,123.1755,1273880
MWG,2019-10-31,123.1755,124.2603,122.8796,122.8797,547280
MWG,2019-11-01,122.8797,124.0631,121.1046,123.4714,804110
MWG,2019-11-04,123.6686,124.8521,121.8935,124.359,1419590
MWG,2019-11-05,124.8521,125.0493,123.7673,123.8659,694310
MWG,2019-11-06,123.8659,123.9645,122.4852,122.8797,675510
MWG,2019-11-07,123.57,124.1618,122.9783,123.57,454070
MWG,2019-11-08,123.6686,123.6686,121.6962,122.8797,791810
MWG,2019-11-11,123.0769,123.0769,120.21700000000001,120.21700000000001,1074710
MWG,2019-11-12,120.21700000000001,121.1046,119.7239,120.6114,535490
MWG,2019-11-13,120.6114,121.0059,117.35700000000001,118.2446,1487180
MWG,2019-11-14,118.2446,119.0336,114.3984,115.1874,1564490
MWG,2019-11-15,115.3846,116.8639,115.1874,116.8639,477380
MWG,2019-11-18,116.9625,117.8501,115.8777,116.1736,342430
MWG,2019-11-19,116.3708,117.35700000000001,116.075,117.35700000000001,297210
MWG,2019-11-20,117.35700000000001,117.35700000000001,115.0888,115.4832,352350
MWG,2019-11-21,115.3846,115.3846,111.9329,111.9329,1214570
MWG,2019-11-22,113.4122,113.4122,109.2702,110.4536,871800
MWG,2019-11-25,111.1439,111.2426,106.6074,110.4536,619110
MWG,2019-11-26,111.8343,112.426,111.1439,111.9329,587670
MWG,2019-11-27,112.1301,112.6232,111.3412,111.6371,255150
MWG,2019-11-28,109.6647,110.6509,107.3965,107.4951,1280490
MWG,2019-11-29,107.4951,107.4951,105.1282,107.4951,913420
MWG,2019-12-02,107.8896,108.2841,106.9034,106.9034,642170
MWG,2019-12-03,106.5089,107.8896,105.3255,107.6923,593720
MWG,2019-12-04,107.4951,111.4398,107.1006,111.4398,574630
MWG,2019-12-05,111.637,111.9329,109.0729,109.073,544700
MWG,2019-12-06,109.073,109.4675,108.4813,109.2702,468980
MWG,2019-12-09,109.2702,110.0592,108.4812,109.3688,526010
MWG,2019-12-10,109.3688,109.8619,108.4812,109.4675,412000
MWG,2019-12-11,108.9744,111.4399,108.7772,111.4398,314710
MWG,2019-12-12,111.4398,111.9329,111.1439,111.8343,366190
MWG,2019-12-13,111.9329,113.1164,110.7495,111.4398,467610
MWG,2019-12-16,110.4536,111.6371,109.9605,111.6371,444410
MWG,2019-12-17,112.2288,112.9192,111.5385,111.7357,448230
MWG,2019-12-18,111.5385,112.0316,108.1854,108.4813,1148130
MWG,2019-12-19,108.4813,109.2703,107.00200000000001,108.4813,379310
MWG,2019-12-20,109.2703,110.2564,108.6785,109.1716,356760
MWG,2019-12-23,110.1578,110.6509,109.4675,109.4675,425780
MWG,2019-12-24,109.6647,110.2565,109.073,109.7633,374750
MWG,2019-12-25,110.0592,112.3274,109.7633,112.3274,547470
MWG,2019-12-26,112.3274,112.3274,110.5523,111.7357,615240
MWG,2019-12-27,111.4398,111.9329,110.9467,111.9329,488240
MWG,2019-12-30,111.9329,112.9191,111.637,112.426,616460
MWG,2019-12-31,112.426,113.3136,112.426,112.426,604050
MWG,2020-01-02,112.426,115.3846,112.1301,115.3846,716290
MWG,2020-01-03,115.3846,116.0749,113.6095,113.7081,791020
MWG,2020-01-06,113.215,113.8067,112.426,113.1164,389250
MWG,2020-01-07,113.1164,114.00399999999999,111.7357,114.0039,648230
MWG,2020-01-08,112.426,113.4122,111.2426,111.2426,742390
MWG,2020-01-09,112.3274,113.4122,111.8343,112.9191,318070
MWG,2020-01-10,113.0177,114.0039,112.7219,113.5108,412180
MWG,2020-01-13,112.9191,113.708,112.5246,112.9191,288240
MWG,2020-01-14,113.215,113.215,112.2288,112.3274,320810
MWG,2020-01-15,112.3274,112.6233,112.1302,112.426,293160
MWG,2020-01-16,112.426,114.3984,112.3274,113.8067,521080
MWG,2020-01-17,113.8067,114.5957,113.8067,114.49700000000001,435030
MWG,2020-01-20,113.9053,116.9625,113.9053,116.9625,1463940
MWG,2020-01-21,116.9625,118.8363,116.7653,118.3432,692200
MWG,2020-01-22,117.9487,118.4418,116.8639,117.5542,460240
MWG,2020-01-30,114.3984,115.4832,111.4398,112.426,1315710
MWG,2020-01-31,111.4398,113.0177,108.9743,109.2702,1434750
MWG,2020-02-03,106.7061,108.3826,102.5641,107.2978,1949930
MWG,2020-02-04,107.495,108.9743,104.9309,106.4103,905300
MWG,2020-02-05,106.5089,108.1854,106.5089,106.5089,805800
MWG,2020-02-06,106.5089,108.7771,106.5089,107.9882,785620
MWG,2020-02-07,107.791,107.791,106.3117,107.1992,628350
MWG,2020-02-10,105.0296,106.0158,104.3392,104.3393,702790
MWG,2020-02-11,104.5365,105.3255,104.5365,105.0296,396130
MWG,2020-02-12,105.2268,107.8896,105.2268,107.4951,569230
MWG,2020-02-13,106.4103,107.4951,106.4103,106.5089,412040
MWG,2020-02-14,105.5227,106.213,104.4379,105.6213,415290
MWG,2020-02-17,105.7199,106.0158,104.7337,106.0158,384490
MWG,2020-02-18,106.0158,107.5937,105.5227,107.3964,568750
MWG,2020-02-19,107.8895,108.9744,107.3964,108.9744,672440
MWG,2020-02-20,109.4675,109.86200000000001,108.6785,109.073,451760
MWG,2020-02-21,109.073,110.4537,108.28399999999999,109.073,901890
MWG,2020-02-24,106.5089,107.3965,104.2407,104.7337,1556120
MWG,2020-02-25,103.7475,105.5227,103.7475,105.5227,692650
MWG,2020-02-26,104.5365,106.4103,104.0434,104.7337,1083030
MWG,2020-02-27,104.7337,106.9034,104.7337,106.9034,2144240
MWG,2020-02-28,104.5365,105.72,103.0572,105.0296,1295250
MWG,2020-03-02,105.0296,105.7199,104.4379,105.0296,474160
MWG,2020-03-03,106.3117,106.3117,104.8324,104.931,679500
MWG,2020-03-04,104.4379,104.5365,103.1559,104.5365,680740
MWG,2020-03-05,104.5365,105.1282,103.0572,104.0434,673150
MWG,2020-03-06,102.9586,103.3531,100.0,101.6765,827890
MWG,2020-03-09,94.5759,97.14,94.5759,94.5759,1051190
MWG,2020-03-10,89.6449,93.6883,88.9546,92.6036,1429660
MWG,2020-03-11,92.7022,93.1953,86.1933,86.1933,1584730
MWG,2020-03-12,80.1775,80.1775,80.1775,80.1775,527930
MWG,2020-03-13,74.6548,84.8126,74.6548,77.9093,3610700
MWG,2020-03-16,75.9369,78.1065,72.9783,74.9507,1526810
MWG,2020-03-17,71.499,76.9231,70.6114,76.2327,1252010
MWG,2020-03-18,76.7258,79.3885,75.9368,77.712,1406630
MWG,2020-03-19,75.9369,76.6272,73.57,74.5562,1132320
MWG,2020-03-20,74.7534,76.1341,73.8659,76.1341,1095330
MWG,2020-03-23,72.1893,73.9645,70.8087,70.8087,1361560
MWG,2020-03-24,70.8087,70.8087,65.8777,67.8501,1567590
MWG,2020-03-25,69.0335,71.9921,68.0473,71.9921,1417730
MWG,2020-03-26,71.3018,71.3018,67.0611,67.0611,2123850
MWG,2020-03-27,64.3984,65.0887,62.426,62.426,2498890
MWG,2020-03-30,58.0868,64.1025,58.0868,58.6785,1861200
MWG,2020-03-31,60.1578,61.8343,55.5227,58.0868,1868280
MWG,2020-04-01,57.8896,61.3412,57.5937,60.355,1604700
MWG,2020-04-03,62.0315,64.497,61.4398,64.497,1653030
MWG,2020-04-06,68.9349,68.9349,68.9349,68.9349,486160
MWG,2020-04-07,73.6686,73.6686,69.9211,73.57,5818790
MWG,2020-04-08,71.7949,73.57,70.5128,72.9783,2044140
MWG,2020-04-09,73.9645,74.2604,71.9921,71.9921,1610080
MWG,2020-04-10,70.6114,71.8935,69.6252,70.7101,1235340
MWG,2020-04-13,71.006,75.6411,71.006,73.9645,2206590
MWG,2020-04-14,74.1617,74.7535,72.3866,73.7673,1035610
MWG,2020-04-15,74.9507,77.1204,74.5563,75.7396,1555700
MWG,2020-04-16,74.9506,75.9368,74.3589,75.8383,1460130
MWG,2020-04-17,80.8679,80.8679,76.43,80.8679,2474360
MWG,2020-04-20,82.8403,83.9251,81.1638,83.1361,2181870
MWG,2020-04-21,80.9665,82.2485,77.5148,78.3037,2583970
MWG,2020-04-22,76.0355,81.854,76.0355,80.8679,1796100
MWG,2020-04-23,83.8265,83.8265,80.8679,82.3471,1345230
MWG,2020-04-24,82.3471,82.3471,80.0789,81.854,1028080
MWG,2020-04-27,82.7416,82.7416,80.0789,81.0651,1120700
MWG,2020-04-28,79.783,80.7692,79.29,79.783,899940
MWG,2020-04-29,80.572,81.1637,77.9092,80.572,1175430
MWG,2020-05-04,80.3748,80.3748,78.3037,78.3037,917320
MWG,2020-05-05,78.6982,79.4871,77.712,78.2051,522280
MWG,2020-05-06,78.8954,80.0789,77.9092,80.0789,846520
MWG,2020-05-07,80.6706,81.4596,80.3748,81.4596,1207270
MWG,2020-05-08,81.8541,84.714,81.8541,82.64299999999999,2361840
MWG,2020-05-11,83.8264,84.4181,82.64299999999999,83.8264,1257030
MWG,2020-05-12,83.6292,83.6292,81.3609,82.1499,1938080
MWG,2020-05-13,80.8678,82.9389,79.9803,82.7416,1673920
MWG,2020-05-14,80.8678,82.64299999999999,80.8678,81.854,1040460
MWG,2020-05-15,82.0512,82.64299999999999,80.8678,80.9665,1106330
MWG,2020-05-18,80.8679,84.4182,80.8679,84.3195,2183740
MWG,2020-05-19,86.2919,86.4891,85.3057,85.9961,1674810
MWG,2020-05-20,84.9113,85.50299999999999,84.5168,85.3057,1101050
MWG,2020-05-21,85.4043,87.0808,85.0098,85.7988,1539610
MWG,2020-05-22,85.7988,85.8974,83.8264,83.8264,1475820
MWG,2020-05-25,83.8264,85.7988,83.0374,84.9112,1135520
MWG,2020-05-26,85.0098,85.6015,84.4181,85.3057,1175440
MWG,2020-05-27,85.7002,86.1933,83.6292,83.6292,1320900
MWG,2020-05-28,83.8264,84.5168,83.3333,83.5306,950520
MWG,2020-05-29,83.432,83.8265,82.9389,83.432,849500
MWG,2020-06-01,83.432,84.9113,83.432,84.8126,819630
MWG,2020-06-02,84.9112,85.6016,84.1223,84.1223,1110350
MWG,2020-06-03,84.3195,84.6154,84.0237,84.2209,861720
MWG,2020-06-04,84.4181,85.7988,84.1223,84.3195,1014100
MWG,2020-06-05,84.3195,85.0098,83.925,84.9112,744280
MWG,2020-06-08,88.85600000000001,90.0394,85.6015,88.85600000000001,3691120
MWG,2020-06-09,89.5463,89.5463,87.3767,87.4753,1115180
MWG,2020-06-10,87.2781,88.7574,85.8974,88.1657,1009890
MWG,2020-06-11,88.2643,88.2643,82.0513,82.0513,2775660
MWG,2020-06-12,81.0651,84.8126,79.8817,84.8126,2515300
MWG,2020-06-15,84.6154,84.6154,80.7692,81.3609,1132400
MWG,2020-06-16,82.8402,83.4319,82.0512,83.2347,704020
MWG,2020-06-17,83.7278,83.7278,81.854,82.64299999999999,770150
MWG,2020-06-18,81.854,82.64299999999999,81.7554,82.64299999999999,360010
MWG,2020-06-19,82.8402,84.3195,82.5444,83.3333,859830
MWG,2020-06-22,84.0236,85.6015,83.4319,84.714,941430
MWG,2020-06-23,84.714,85.2071,84.1223,84.1223,801600
MWG,2020-06-24,84.3195,85.1085,82.8402,83.8264,715470
MWG,2020-06-25,82.8402,83.3333,82.3471,82.4458,783410
MWG,2020-06-26,82.8403,83.5306,82.2486,83.0375,449460
MWG,2020-06-29,81.9527,82.3472,79.7831,80.3748,1096590
MWG,2020-06-30,81.1638,81.361,78.8955,79.6844,744080
MWG,2020-07-01,79.6844,80.8679,79.6844,80.8679,311490
MWG,2020-07-02,80.4734,81.1638,79.8817,80.6706,327720
MWG,2020-07-03,80.6706,80.7692,80.2761,80.572,356420
MWG,2020-07-06,80.7692,82.64299999999999,80.6706,82.3471,620180
MWG,2020-07-07,82.7416,83.5305,82.5443,82.5444,621630
MWG,2020-07-08,82.5444,82.8403,81.7554,82.4458,285150
MWG,2020-07-09,82.4458,83.1361,82.3472,82.8402,521490
MWG,2020-07-10,82.7416,82.8402,81.6568,81.7554,564660
MWG,2020-07-13,82.0513,82.5444,81.2623,81.6568,403750
MWG,2020-07-14,81.6568,81.7554,81.0651,81.7554,365780
MWG,2020-07-15,82.2485,83.7278,81.9526,83.432,1049820
MWG,2020-07-16,83.3334,83.6292,82.8403,83.6292,495500
MWG,2020-07-17,83.5306,83.6292,82.8402,82.8402,379820
MWG,2020-07-20,82.1499,82.8402,82.0512,82.1499,253640
MWG,2020-07-21,82.1499,82.64299999999999,81.854,82.5444,413460
MWG,2020-07-22,82.7416,82.8403,81.5582,82.0513,363710
MWG,2020-07-23,82.0513,82.3472,81.5582,81.854,420560
MWG,2020-07-24,81.5581,81.7554,76.1341,78.1065,1796300
MWG,2020-07-27,72.9783,75.0493,72.6824,72.6824,2981180
MWG,2020-07-28,74.2603,75.1479,72.6824,74.9507,1280900
MWG,2020-07-29,72.9783,73.3728,70.3156,71.9921,1436620
MWG,2020-07-30,72.0907,73.2742,71.7949,73.2742,603300
MWG,2020-07-31,71.4991,73.6687,71.4991,73.4714,799400
MWG,2020-08-03,73.1755,75.3452,72.4852,74.9507,655840
MWG,2020-08-04,75.8383,77.2189,75.4438,75.9369,841660
MWG,2020-08-05,75.9369,78.3038,75.4438,78.1065,734940
MWG,2020-08-06,78.4024,78.6982,77.2189,78.2051,554590
MWG,2020-08-07,78.0079,78.3037,76.923,77.5148,607040
MWG,2020-08-10,77.9093,79.1913,77.9093,77.9093,629890
MWG,2020-08-11,78.6983,78.6983,77.7121,78.4024,394720
MWG,2020-08-12,78.501,78.7969,77.9093,78.6982,451860
MWG,2020-08-13,78.9941,81.1637,78.8954,81.0651,915350
MWG,2020-08-14,81.2623,82.64299999999999,80.9665,81.9527,992180
MWG,2020-08-17,81.0651,81.9527,79.7831,81.0651,824290
MWG,2020-08-18,80.8679,80.9665,79.6844,80.2761,554060
MWG,2020-08-19,80.1775,80.8678,80.1775,80.6706,382850
MWG,2020-08-20,80.6706,80.9665,79.6844,80.572,1018420
MWG,2020-08-21,80.6706,81.361,80.3748,80.8679,690220
MWG,2020-08-24,82.0513,83.6292,81.7555,82.9389,1064730
MWG,2020-08-25,83.3334,86.9823,83.3334,86.3905,2247120
MWG,2020-08-26,86.0946,87.5739,85.7988,86.0947,883390
MWG,2020-08-27,86.0947,87.6726,86.0947,87.6726,955520
MWG,2020-08-28,88.85600000000001,92.7022,88.7574,91.5187,1994640
MWG,2020-08-31,91.5187,92.99799999999999,90.7297,92.1105,954930
MWG,2020-09-01,92.1105,93.6884,91.8146,92.5049,996140
MWG,2020-09-03,92.5049,94.1814,91.7159,93.4911,1060240
MWG,2020-09-04,91.8146,92.8994,91.6173,92.8008,1015720
MWG,2020-09-07,92.7022,92.8994,89.0533,89.0533,1491040
MWG,2020-09-08,89.7436,91.9133,89.2505,91.8146,1000020
MWG,2020-09-09,90.7298,92.5049,90.2367,92.1105,631980
MWG,2020-09-10,92.7022,92.9981,92.1105,92.6036,744120
MWG,2020-09-11,92.6036,92.6036,91.5188,92.1105,436320
MWG,2020-09-14,92.505,92.6036,91.4202,91.71600000000001,546560
MWG,2020-09-15,91.71600000000001,92.2091,91.2229,91.6174,786060
MWG,2020-09-16,91.6174,94.1815,91.1243,93.2939,1100860
MWG,2020-09-17,93.2939,93.5898,91.9132,92.8994,592380
MWG,2020-09-18,92.8994,93.4911,92.7022,93.1953,615740
MWG,2020-09-21,94.1815,97.3373,93.3925,97.0414,2152280
MWG,2020-09-22,97.0414,98.4221,95.7593,98.2249,1503000
MWG,2020-09-23,98.5208,101.57799999999999,98.4221,100.4931,1053980
MWG,2020-09-24,99.5069,100.3945,98.6193,99.8028,1230990
MWG,2020-09-25,99.7042,99.8028,98.2249,99.1124,1038360
MWG,2020-09-28,100.1972,101.5779,99.1124,101.5779,634880
MWG,2020-09-29,103.353,104.8323,102.071,102.071,1230990
MWG,2020-09-30,103.0572,103.5503,101.1834,102.86,1088450
MWG,2020-10-01,102.86,103.649,102.86,103.5503,779470
MWG,2020-10-02,103.5503,103.9448,98.4221,102.5641,1326080
MWG,2020-10-05,102.5641,103.8462,102.071,102.5641,588560
MWG,2020-10-06,103.5503,104.4379,103.0572,103.7475,1075760
MWG,2020-10-07,103.7475,106.4102,102.5641,106.1144,959640
MWG,2020-10-08,106.5089,107.9882,106.213,107.9882,871660
MWG,2020-10-09,108.4813,108.9744,107.00200000000001,107.4951,575370
MWG,2020-10-12,107.4951,107.791,105.0296,106.0158,941210
MWG,2020-10-13,106.0158,106.0158,104.3393,104.7337,815720
MWG,2020-10-14,104.6351,107.4951,103.1558,107.4951,1081330
MWG,2020-10-15,107.4951,107.9882,105.5227,107.8895,880570
MWG,2020-10-16,107.9881,107.9881,106.0157,106.9034,546060
MWG,2020-10-19,107.4,107.4,106.0,106.8,480220
MWG,2020-10-20,106.0,106.8,104.7,106.8,977350
MWG,2020-10-21,107.0,108.5,105.5,105.8,766740
MWG,2020-10-22,105.2,108.5,105.2,108.5,607760
MWG,2020-10-23,109.0,110.5,107.9,110.0,1218320
MWG,2020-10-26,110.0,112.5,109.5,110.0,1054600
MWG,2020-10-27,110.0,111.7,109.9,110.0,606700
MWG,2020-10-28,109.1,109.8,105.0,105.0,1452750
MWG,2020-10-29,102.6,104.8,101.8,102.3,1564150
MWG,2020-10-30,103.2,105.9,101.8,104.7,1426480
MWG,2020-11-02,104.7,107.0,104.7,106.4,439540
MWG,2020-11-03,108.0,108.0,106.2,107.2,486030
MWG,2020-11-04,107.2,107.3,106.0,106.8,531610
MWG,2020-11-05,106.8,108.5,106.7,106.8,671040
MWG,2020-11-06,107.0,107.0,102.0,105.0,805140
MWG,2020-11-09,106.0,106.5,105.3,105.7,886500
MWG,2020-11-10,107.8,107.8,105.7,106.0,902230
MWG,2020-11-11,106.2,108.9,106.1,108.0,1514900
MWG,2020-11-12,109.0,111.1,108.2,111.1,1682560
MWG,2020-11-13,111.0,112.2,110.5,111.1,678270
MWG,2020-11-16,111.8,113.2,108.8,109.7,1692540
MWG,2020-11-17,109.7,112.0,109.4,112.0,966390
MWG,2020-11-18,111.7,112.4,110.4,110.6,778050
MWG,2020-11-19,111.5,112.0,109.6,112.0,1434630
MWG,2020-11-20,112.1,112.3,110.8,110.8,599730
MWG,2020-11-23,110.8,110.8,110.8,110.8,0
